source_url,target_url,wordpress_attachment_id,product_name,product_slug,filename,alt_text,position
https://ugolinigourmet.it/wp-content/uploads/2023/01/8862-ragu-vegano-ugolini-gourmet-4.jpg,https://ugolinigroup.com/wp-content/uploads/2026/08/8862-ragu-vegano-ugolini-gourmet-4.jpg,110,Ragù vegano con soia 180 gr,ragu-vegano,8862-ragu-vegano-ugolini-gourmet-4.jpg,Ragù vegano con soia 180 gr,1
https://ugolinigourmet.it/wp-content/uploads/2023/01/8862-ragu-vegano-ugolini-gourmet-3.jpg,https://ugolinigroup.com/wp-content/uploads/2026/08/8862-ragu-vegano-ugolini-gourmet-3.jpg,109,Ragù vegano con soia 180 gr,ragu-vegano,8862-ragu-vegano-ugolini-gourmet-3.jpg,Ragù vegano con soia 180 gr — immagine prodotto 2,2
https://ugolinigourmet.it/wp-content/uploads/2023/01/8862-ragu-vegano-ugolini-gourmet-2.jpg,https://ugolinigroup.com/wp-content/uploads/2026/08/8862-ragu-vegano-ugolini-gourmet-2.jpg,108,Ragù vegano con soia 180 gr,ragu-vegano,8862-ragu-vegano-ugolini-gourmet-2.jpg,Ragù vegano con soia 180 gr — immagine prodotto 3,3
https://ugolinigourmet.it/wp-content/uploads/2023/01/8862-ragu-vegano-ugolini-gourmet-1.jpg,https://ugolinigroup.com/wp-content/uploads/2026/08/8862-ragu-vegano-ugolini-gourmet-1.jpg,107,Ragù vegano con soia 180 gr,ragu-vegano,8862-ragu-vegano-ugolini-gourmet-1.jpg,Ragù vegano con soia 180 gr — immagine prodotto 4,4
https://ugolinigourmet.it/wp-content/uploads/2023/01/8756-bruschetta-piccantina-ugolini-gourmet-1.jpg,https://ugolinigroup.com/wp-content/uploads/2026/08/8756-bruschetta-piccantina-ugolini-gourmet-1.jpg,37,"Bruschetta piccantina, salsa di pomodoro piccante senza glutine 180 gr",bruschetta-piccantina,8756-bruschetta-piccantina-ugolini-gourmet-1.jpg,"Bruschetta piccantina, salsa di pomodoro piccante senza glutine 180 gr",1
https://ugolinigourmet.it/wp-content/uploads/2023/01/8756-bruschetta-piccantina-ugolini-gourmet-2.jpg,https://ugolinigroup.com/wp-content/uploads/2026/08/8756-bruschetta-piccantina-ugolini-gourmet-2.jpg,38,"Bruschetta piccantina, salsa di pomodoro piccante senza glutine 180 gr",bruschetta-piccantina,8756-bruschetta-piccantina-ugolini-gourmet-2.jpg,"Bruschetta piccantina, salsa di pomodoro piccante senza glutine 180 gr — immagine prodotto 2",2
https://ugolinigourmet.it/wp-content/uploads/2023/01/8756-bruschetta-piccantina-ugolini-gourmet-3.jpg,https://ugolinigroup.com/wp-content/uploads/2026/08/8756-bruschetta-piccantina-ugolini-gourmet-3.jpg,39,"Bruschetta piccantina, salsa di pomodoro piccante senza glutine 180 gr",bruschetta-piccantina,8756-bruschetta-piccantina-ugolini-gourmet-3.jpg,"Bruschetta piccantina, salsa di pomodoro piccante senza glutine 180 gr — immagine prodotto 3",3
https://ugolinigourmet.it/wp-content/uploads/2023/01/8756-bruschetta-piccantina-ugolini-gourmet-4.jpg,https://ugolinigroup.com/wp-content/uploads/2026/08/8756-bruschetta-piccantina-ugolini-gourmet-4.jpg,40,"Bruschetta piccantina, salsa di pomodoro piccante senza glutine 180 gr",bruschetta-piccantina,8756-bruschetta-piccantina-ugolini-gourmet-4.jpg,"Bruschetta piccantina, salsa di pomodoro piccante senza glutine 180 gr — immagine prodotto 4",4
https://ugolinigourmet.it/wp-content/uploads/2023/01/9272-salsa-al-tartufo-nero-ugolini-gourmet-1-scaled.jpg,https://ugolinigroup.com/wp-content/uploads/2026/08/9272-salsa-al-tartufo-nero-ugolini-gourmet-1-scaled-1.jpg,124,"Salsa tartufata, salsa al tartufo nero senza glutine 180 gr",salsa-tartufata,9272-salsa-al-tartufo-nero-ugolini-gourmet-1-scaled.jpg,"Salsa tartufata, salsa al tartufo nero senza glutine 180 gr",1
https://ugolinigourmet.it/wp-content/uploads/2023/01/9272-salsa-al-tartufo-nero-ugolini-gourmet-2-scaled.jpg,https://ugolinigroup.com/wp-content/uploads/2026/08/9272-salsa-al-tartufo-nero-ugolini-gourmet-2-scaled-1.jpg,125,"Salsa tartufata, salsa al tartufo nero senza glutine 180 gr",salsa-tartufata,9272-salsa-al-tartufo-nero-ugolini-gourmet-2-scaled.jpg,"Salsa tartufata, salsa al tartufo nero senza glutine 180 gr — immagine prodotto 2",2
https://ugolinigourmet.it/wp-content/uploads/2022/05/confit-cipolle-rosse-ugolini-gourmet-14.jpg,https://ugolinigroup.com/wp-content/uploads/2026/08/confit-cipolle-rosse-ugolini-gourmet-14.jpg,138,Confit di cipolle rosse all’aceto balsamico di Modena IGP senza glutine 220 gr,confit-cipolle-rosse,confit-cipolle-rosse-ugolini-gourmet-14.jpg,Confit di cipolle rosse all’aceto balsamico di Modena IGP senza glutine 220 gr,1
https://ugolinigourmet.it/wp-content/uploads/2023/01/8763-confit-cipolle-rosse-ugolini-gourmet-1.jpg,https://ugolinigroup.com/wp-content/uploads/2026/08/8763-confit-cipolle-rosse-ugolini-gourmet-1.jpg,41,Confit di cipolle rosse all’aceto balsamico di Modena IGP senza glutine 220 gr,confit-cipolle-rosse,8763-confit-cipolle-rosse-ugolini-gourmet-1.jpg,Confit di cipolle rosse all’aceto balsamico di Modena IGP senza glutine 220 gr — immagine prodotto 2,2
https://ugolinigourmet.it/wp-content/uploads/2023/01/8763-confit-cipolle-rosse-ugolini-gourmet-2.jpg,https://ugolinigroup.com/wp-content/uploads/2026/08/8763-confit-cipolle-rosse-ugolini-gourmet-2.jpg,48,Confit di cipolle rosse all’aceto balsamico di Modena IGP senza glutine 220 gr,confit-cipolle-rosse,8763-confit-cipolle-rosse-ugolini-gourmet-2.jpg,Confit di cipolle rosse all’aceto balsamico di Modena IGP senza glutine 220 gr — immagine prodotto 3,3
https://ugolinigourmet.it/wp-content/uploads/2023/01/8763-confit-cipolle-rosse-ugolini-gourmet-3.jpg,https://ugolinigroup.com/wp-content/uploads/2026/08/8763-confit-cipolle-rosse-ugolini-gourmet-3.jpg,49,Confit di cipolle rosse all’aceto balsamico di Modena IGP senza glutine 220 gr,confit-cipolle-rosse,8763-confit-cipolle-rosse-ugolini-gourmet-3.jpg,Confit di cipolle rosse all’aceto balsamico di Modena IGP senza glutine 220 gr — immagine prodotto 4,4
https://ugolinigourmet.it/wp-content/uploads/2023/01/8763-confit-cipolle-rosse-ugolini-gourmet-4.jpg,https://ugolinigroup.com/wp-content/uploads/2026/08/8763-confit-cipolle-rosse-ugolini-gourmet-4.jpg,50,Confit di cipolle rosse all’aceto balsamico di Modena IGP senza glutine 220 gr,confit-cipolle-rosse,8763-confit-cipolle-rosse-ugolini-gourmet-4.jpg,Confit di cipolle rosse all’aceto balsamico di Modena IGP senza glutine 220 gr — immagine prodotto 5,5
https://ugolinigourmet.it/wp-content/uploads/2023/01/8763-confit-cipolle-rosse-ugolini-gourmet-5.jpg,https://ugolinigroup.com/wp-content/uploads/2026/08/8763-confit-cipolle-rosse-ugolini-gourmet-5.jpg,51,Confit di cipolle rosse all’aceto balsamico di Modena IGP senza glutine 220 gr,confit-cipolle-rosse,8763-confit-cipolle-rosse-ugolini-gourmet-5.jpg,Confit di cipolle rosse all’aceto balsamico di Modena IGP senza glutine 220 gr — immagine prodotto 6,6
https://ugolinigourmet.it/wp-content/uploads/2023/01/8763-confit-cipolle-rosse-ugolini-gourmet-6.jpg,https://ugolinigroup.com/wp-content/uploads/2026/08/8763-confit-cipolle-rosse-ugolini-gourmet-6.jpg,52,Confit di cipolle rosse all’aceto balsamico di Modena IGP senza glutine 220 gr,confit-cipolle-rosse,8763-confit-cipolle-rosse-ugolini-gourmet-6.jpg,Confit di cipolle rosse all’aceto balsamico di Modena IGP senza glutine 220 gr — immagine prodotto 7,7
https://ugolinigourmet.it/wp-content/uploads/2023/01/8763-confit-cipolle-rosse-ugolini-gourmet-7.jpg,https://ugolinigroup.com/wp-content/uploads/2026/08/8763-confit-cipolle-rosse-ugolini-gourmet-7.jpg,53,Confit di cipolle rosse all’aceto balsamico di Modena IGP senza glutine 220 gr,confit-cipolle-rosse,8763-confit-cipolle-rosse-ugolini-gourmet-7.jpg,Confit di cipolle rosse all’aceto balsamico di Modena IGP senza glutine 220 gr — immagine prodotto 8,8
https://ugolinigourmet.it/wp-content/uploads/2023/01/8763-confit-cipolle-rosse-ugolini-gourmet-8.jpg,https://ugolinigroup.com/wp-content/uploads/2026/08/8763-confit-cipolle-rosse-ugolini-gourmet-8.jpg,54,Confit di cipolle rosse all’aceto balsamico di Modena IGP senza glutine 220 gr,confit-cipolle-rosse,8763-confit-cipolle-rosse-ugolini-gourmet-8.jpg,Confit di cipolle rosse all’aceto balsamico di Modena IGP senza glutine 220 gr — immagine prodotto 9,9
https://ugolinigourmet.it/wp-content/uploads/2023/01/8763-confit-cipolle-rosse-ugolini-gourmet-9.jpg,https://ugolinigroup.com/wp-content/uploads/2026/08/8763-confit-cipolle-rosse-ugolini-gourmet-9.jpg,55,Confit di cipolle rosse all’aceto balsamico di Modena IGP senza glutine 220 gr,confit-cipolle-rosse,8763-confit-cipolle-rosse-ugolini-gourmet-9.jpg,Confit di cipolle rosse all’aceto balsamico di Modena IGP senza glutine 220 gr — immagine prodotto 10,10
https://ugolinigourmet.it/wp-content/uploads/2023/01/8763-confit-cipolle-rosse-ugolini-gourmet-10.jpg,https://ugolinigroup.com/wp-content/uploads/2026/08/8763-confit-cipolle-rosse-ugolini-gourmet-10.jpg,42,Confit di cipolle rosse all’aceto balsamico di Modena IGP senza glutine 220 gr,confit-cipolle-rosse,8763-confit-cipolle-rosse-ugolini-gourmet-10.jpg,Confit di cipolle rosse all’aceto balsamico di Modena IGP senza glutine 220 gr — immagine prodotto 11,11
https://ugolinigourmet.it/wp-content/uploads/2023/01/8763-confit-cipolle-rosse-ugolini-gourmet-11.jpg,https://ugolinigroup.com/wp-content/uploads/2026/08/8763-confit-cipolle-rosse-ugolini-gourmet-11.jpg,43,Confit di cipolle rosse all’aceto balsamico di Modena IGP senza glutine 220 gr,confit-cipolle-rosse,8763-confit-cipolle-rosse-ugolini-gourmet-11.jpg,Confit di cipolle rosse all’aceto balsamico di Modena IGP senza glutine 220 gr — immagine prodotto 12,12
https://ugolinigourmet.it/wp-content/uploads/2023/01/8763-confit-cipolle-rosse-ugolini-gourmet-12.jpg,https://ugolinigroup.com/wp-content/uploads/2026/08/8763-confit-cipolle-rosse-ugolini-gourmet-12.jpg,44,Confit di cipolle rosse all’aceto balsamico di Modena IGP senza glutine 220 gr,confit-cipolle-rosse,8763-confit-cipolle-rosse-ugolini-gourmet-12.jpg,Confit di cipolle rosse all’aceto balsamico di Modena IGP senza glutine 220 gr — immagine prodotto 13,13
https://ugolinigourmet.it/wp-content/uploads/2023/01/8763-confit-cipolle-rosse-ugolini-gourmet-13.jpg,https://ugolinigroup.com/wp-content/uploads/2026/08/8763-confit-cipolle-rosse-ugolini-gourmet-13.jpg,45,Confit di cipolle rosse all’aceto balsamico di Modena IGP senza glutine 220 gr,confit-cipolle-rosse,8763-confit-cipolle-rosse-ugolini-gourmet-13.jpg,Confit di cipolle rosse all’aceto balsamico di Modena IGP senza glutine 220 gr — immagine prodotto 14,14
https://ugolinigourmet.it/wp-content/uploads/2023/01/8763-confit-cipolle-rosse-ugolini-gourmet-14.jpg,https://ugolinigroup.com/wp-content/uploads/2026/08/8763-confit-cipolle-rosse-ugolini-gourmet-14.jpg,46,Confit di cipolle rosse all’aceto balsamico di Modena IGP senza glutine 220 gr,confit-cipolle-rosse,8763-confit-cipolle-rosse-ugolini-gourmet-14.jpg,Confit di cipolle rosse all’aceto balsamico di Modena IGP senza glutine 220 gr — immagine prodotto 15,15
https://ugolinigourmet.it/wp-content/uploads/2023/01/8763-confit-cipolle-rosse-ugolini-gourmet-15.jpg,https://ugolinigroup.com/wp-content/uploads/2026/08/8763-confit-cipolle-rosse-ugolini-gourmet-15.jpg,47,Confit di cipolle rosse all’aceto balsamico di Modena IGP senza glutine 220 gr,confit-cipolle-rosse,8763-confit-cipolle-rosse-ugolini-gourmet-15.jpg,Confit di cipolle rosse all’aceto balsamico di Modena IGP senza glutine 220 gr — immagine prodotto 16,16
https://ugolinigourmet.it/wp-content/uploads/2023/01/8848-sugo-allarrabbiata-ugolini-gourmet-1.jpg,https://ugolinigroup.com/wp-content/uploads/2026/08/8848-sugo-allarrabbiata-ugolini-gourmet-1.jpg,94,"Sugo all’arrabbiata, salsa di polpa di pomodoro senza glutine 180 gr",sugo-arrabbiata,8848-sugo-allarrabbiata-ugolini-gourmet-1.jpg,"Sugo all’arrabbiata, salsa di polpa di pomodoro senza glutine 180 gr",1
https://ugolinigourmet.it/wp-content/uploads/2023/01/8848-sugo-allarrabbiata-ugolini-gourmet-2.jpg,https://ugolinigroup.com/wp-content/uploads/2026/08/8848-sugo-allarrabbiata-ugolini-gourmet-2.jpg,95,"Sugo all’arrabbiata, salsa di polpa di pomodoro senza glutine 180 gr",sugo-arrabbiata,8848-sugo-allarrabbiata-ugolini-gourmet-2.jpg,"Sugo all’arrabbiata, salsa di polpa di pomodoro senza glutine 180 gr — immagine prodotto 2",2
https://ugolinigourmet.it/wp-content/uploads/2023/01/8848-sugo-allarrabbiata-ugolini-gourmet-3.jpg,https://ugolinigroup.com/wp-content/uploads/2026/08/8848-sugo-allarrabbiata-ugolini-gourmet-3.jpg,96,"Sugo all’arrabbiata, salsa di polpa di pomodoro senza glutine 180 gr",sugo-arrabbiata,8848-sugo-allarrabbiata-ugolini-gourmet-3.jpg,"Sugo all’arrabbiata, salsa di polpa di pomodoro senza glutine 180 gr — immagine prodotto 3",3
https://ugolinigourmet.it/wp-content/uploads/2023/01/8848-sugo-allarrabbiata-ugolini-gourmet-4-scaled.jpg,https://ugolinigroup.com/wp-content/uploads/2026/08/8848-sugo-allarrabbiata-ugolini-gourmet-4-scaled-1.jpg,97,"Sugo all’arrabbiata, salsa di polpa di pomodoro senza glutine 180 gr",sugo-arrabbiata,8848-sugo-allarrabbiata-ugolini-gourmet-4-scaled.jpg,"Sugo all’arrabbiata, salsa di polpa di pomodoro senza glutine 180 gr — immagine prodotto 4",4
https://ugolinigourmet.it/wp-content/uploads/2023/01/8848-sugo-allarrabbiata-ugolini-gourmet-5.jpg,https://ugolinigroup.com/wp-content/uploads/2026/08/8848-sugo-allarrabbiata-ugolini-gourmet-5.jpg,98,"Sugo all’arrabbiata, salsa di polpa di pomodoro senza glutine 180 gr",sugo-arrabbiata,8848-sugo-allarrabbiata-ugolini-gourmet-5.jpg,"Sugo all’arrabbiata, salsa di polpa di pomodoro senza glutine 180 gr — immagine prodotto 5",5
https://ugolinigourmet.it/wp-content/uploads/2023/01/9265-crema-panna-tartufo-bianchetto-ugolini-gourmet-2-scaled.jpg,https://ugolinigroup.com/wp-content/uploads/2026/08/9265-crema-panna-tartufo-bianchetto-ugolini-gourmet-2-scaled-1.jpg,121,Crema a base di panna e tartufo bianchetto senza glutine 170 gr,crema-panna-tartufo-bianchetto,9265-crema-panna-tartufo-bianchetto-ugolini-gourmet-2-scaled.jpg,Crema a base di panna e tartufo bianchetto senza glutine 170 gr,1
https://ugolinigourmet.it/wp-content/uploads/2023/01/9265-crema-panna-tartufo-bianchetto-ugolini-gourmet-1-scaled.jpg,https://ugolinigroup.com/wp-content/uploads/2026/08/9265-crema-panna-tartufo-bianchetto-ugolini-gourmet-1-scaled-1.jpg,120,Crema a base di panna e tartufo bianchetto senza glutine 170 gr,crema-panna-tartufo-bianchetto,9265-crema-panna-tartufo-bianchetto-ugolini-gourmet-1-scaled.jpg,Crema a base di panna e tartufo bianchetto senza glutine 170 gr — immagine prodotto 2,2
https://ugolinigourmet.it/wp-content/uploads/2023/01/9265-crema-panna-tartufo-bianchetto-ugolini-gourmet-4-scaled.jpg,https://ugolinigroup.com/wp-content/uploads/2026/08/9265-crema-panna-tartufo-bianchetto-ugolini-gourmet-4-scaled-1.jpg,123,Crema a base di panna e tartufo bianchetto senza glutine 170 gr,crema-panna-tartufo-bianchetto,9265-crema-panna-tartufo-bianchetto-ugolini-gourmet-4-scaled.jpg,Crema a base di panna e tartufo bianchetto senza glutine 170 gr — immagine prodotto 3,3
https://ugolinigourmet.it/wp-content/uploads/2023/01/9265-crema-panna-tartufo-bianchetto-ugolini-gourmet-3-scaled.jpg,https://ugolinigroup.com/wp-content/uploads/2026/08/9265-crema-panna-tartufo-bianchetto-ugolini-gourmet-3-scaled-1.jpg,122,Crema a base di panna e tartufo bianchetto senza glutine 170 gr,crema-panna-tartufo-bianchetto,9265-crema-panna-tartufo-bianchetto-ugolini-gourmet-3-scaled.jpg,Crema a base di panna e tartufo bianchetto senza glutine 170 gr — immagine prodotto 4,4
https://ugolinigourmet.it/wp-content/uploads/2023/01/8831-sugo-tartufo-nero-ugolini-gourmet-1.jpg,https://ugolinigroup.com/wp-content/uploads/2026/08/8831-sugo-tartufo-nero-ugolini-gourmet-1.jpg,87,Sugo al tartufo nero senza glutine 180 gr,sugo-tartufo-nero,8831-sugo-tartufo-nero-ugolini-gourmet-1.jpg,Sugo al tartufo nero senza glutine 180 gr,1
https://ugolinigourmet.it/wp-content/uploads/2023/01/8831-sugo-tartufo-nero-ugolini-gourmet-2.jpg,https://ugolinigroup.com/wp-content/uploads/2026/08/8831-sugo-tartufo-nero-ugolini-gourmet-2.jpg,88,Sugo al tartufo nero senza glutine 180 gr,sugo-tartufo-nero,8831-sugo-tartufo-nero-ugolini-gourmet-2.jpg,Sugo al tartufo nero senza glutine 180 gr — immagine prodotto 2,2
https://ugolinigourmet.it/wp-content/uploads/2023/01/8831-sugo-tartufo-nero-ugolini-gourmet-3.jpg,https://ugolinigroup.com/wp-content/uploads/2026/08/8831-sugo-tartufo-nero-ugolini-gourmet-3.jpg,89,Sugo al tartufo nero senza glutine 180 gr,sugo-tartufo-nero,8831-sugo-tartufo-nero-ugolini-gourmet-3.jpg,Sugo al tartufo nero senza glutine 180 gr — immagine prodotto 3,3
https://ugolinigourmet.it/wp-content/uploads/2023/01/8831-sugo-tartufo-nero-ugolini-gourmet-4.jpg,https://ugolinigroup.com/wp-content/uploads/2026/08/8831-sugo-tartufo-nero-ugolini-gourmet-4.jpg,90,Sugo al tartufo nero senza glutine 180 gr,sugo-tartufo-nero,8831-sugo-tartufo-nero-ugolini-gourmet-4.jpg,Sugo al tartufo nero senza glutine 180 gr — immagine prodotto 4,4
https://ugolinigourmet.it/wp-content/uploads/2023/01/8831-sugo-tartufo-nero-ugolini-gourmet-5.jpg,https://ugolinigroup.com/wp-content/uploads/2026/08/8831-sugo-tartufo-nero-ugolini-gourmet-5.jpg,91,Sugo al tartufo nero senza glutine 180 gr,sugo-tartufo-nero,8831-sugo-tartufo-nero-ugolini-gourmet-5.jpg,Sugo al tartufo nero senza glutine 180 gr — immagine prodotto 5,5
https://ugolinigourmet.it/wp-content/uploads/2023/01/8831-sugo-tartufo-nero-ugolini-gourmet-6.jpg,https://ugolinigroup.com/wp-content/uploads/2026/08/8831-sugo-tartufo-nero-ugolini-gourmet-6.jpg,92,Sugo al tartufo nero senza glutine 180 gr,sugo-tartufo-nero,8831-sugo-tartufo-nero-ugolini-gourmet-6.jpg,Sugo al tartufo nero senza glutine 180 gr — immagine prodotto 6,6
https://ugolinigourmet.it/wp-content/uploads/2023/01/8831-sugo-tartufo-nero-ugolini-gourmet-7.jpg,https://ugolinigroup.com/wp-content/uploads/2026/08/8831-sugo-tartufo-nero-ugolini-gourmet-7.jpg,93,Sugo al tartufo nero senza glutine 180 gr,sugo-tartufo-nero,8831-sugo-tartufo-nero-ugolini-gourmet-7.jpg,Sugo al tartufo nero senza glutine 180 gr — immagine prodotto 7,7
https://ugolinigourmet.it/wp-content/uploads/2023/01/8770-crema-ai-funghi-ugolini-gourmet-1.jpg,https://ugolinigroup.com/wp-content/uploads/2026/08/8770-crema-ai-funghi-ugolini-gourmet-1.jpg,56,Crema ai funghi porcini e champignon senza glutine 180 gr,crema-funghi-porcini,8770-crema-ai-funghi-ugolini-gourmet-1.jpg,Crema ai funghi porcini e champignon senza glutine 180 gr,1
https://ugolinigourmet.it/wp-content/uploads/2023/01/9302-tartufo-estivo-intero-ugolini-gourmet-1-scaled.jpg,https://ugolinigroup.com/wp-content/uploads/2026/08/9302-tartufo-estivo-intero-ugolini-gourmet-1-scaled-1.jpg,132,Tartufo estivo intero 25 gr,tartufo-estivo-intero,9302-tartufo-estivo-intero-ugolini-gourmet-1-scaled.jpg,Tartufo estivo intero 25 gr,1
https://ugolinigourmet.it/wp-content/uploads/2023/01/9302-tartufo-estivo-intero-ugolini-gourmet-2-scaled.jpg,https://ugolinigroup.com/wp-content/uploads/2026/08/9302-tartufo-estivo-intero-ugolini-gourmet-2-scaled-1.jpg,133,Tartufo estivo intero 25 gr,tartufo-estivo-intero,9302-tartufo-estivo-intero-ugolini-gourmet-2-scaled.jpg,Tartufo estivo intero 25 gr — immagine prodotto 2,2
https://ugolinigourmet.it/wp-content/uploads/2023/01/8787-crema-al-tartufo-nero-ugolini-gourmet-1.jpg,https://ugolinigroup.com/wp-content/uploads/2026/08/8787-crema-al-tartufo-nero-ugolini-gourmet-1.jpg,57,Crema al tartufo nero senza glutine 180 gr,crema-tartufo-nero,8787-crema-al-tartufo-nero-ugolini-gourmet-1.jpg,Crema al tartufo nero senza glutine 180 gr,1
https://ugolinigourmet.it/wp-content/uploads/2023/01/9296-crema-carciofi-tartufo-nero-estivo-ugolini-gourmet-2-scaled.jpg,https://ugolinigroup.com/wp-content/uploads/2026/08/9296-crema-carciofi-tartufo-nero-estivo-ugolini-gourmet-2-scaled-1.jpg,130,Crema di carciofi e tartufo nero estivo senza glutine 170 gr,crema-carciofi-tartufo-nero,9296-crema-carciofi-tartufo-nero-estivo-ugolini-gourmet-2-scaled.jpg,Crema di carciofi e tartufo nero estivo senza glutine 170 gr,1
https://ugolinigourmet.it/wp-content/uploads/2023/01/9296-crema-carciofi-tartufo-nero-estivo-ugolini-gourmet-1-scaled.jpg,https://ugolinigroup.com/wp-content/uploads/2026/08/9296-crema-carciofi-tartufo-nero-estivo-ugolini-gourmet-1-scaled-1.jpg,129,Crema di carciofi e tartufo nero estivo senza glutine 170 gr,crema-carciofi-tartufo-nero,9296-crema-carciofi-tartufo-nero-estivo-ugolini-gourmet-1-scaled.jpg,Crema di carciofi e tartufo nero estivo senza glutine 170 gr — immagine prodotto 2,2
https://ugolinigourmet.it/wp-content/uploads/2023/01/9296-crema-carciofi-tartufo-nero-estivo-ugolini-gourmet-3-scaled.jpg,https://ugolinigroup.com/wp-content/uploads/2026/08/9296-crema-carciofi-tartufo-nero-estivo-ugolini-gourmet-3-scaled-1.jpg,131,Crema di carciofi e tartufo nero estivo senza glutine 170 gr,crema-carciofi-tartufo-nero,9296-crema-carciofi-tartufo-nero-estivo-ugolini-gourmet-3-scaled.jpg,Crema di carciofi e tartufo nero estivo senza glutine 170 gr — immagine prodotto 3,3
https://ugolinigourmet.it/wp-content/uploads/2023/01/9289-ketchup-tartufo-estivo-ugolini-gourmet-1.jpg,https://ugolinigroup.com/wp-content/uploads/2026/08/9289-ketchup-tartufo-estivo-ugolini-gourmet-1.jpg,126,Ketchup e tartufo estivo senza glutine 90 gr,ketchup-tartufo-estivo,9289-ketchup-tartufo-estivo-ugolini-gourmet-1.jpg,Ketchup e tartufo estivo senza glutine 90 gr,1
https://ugolinigourmet.it/wp-content/uploads/2023/01/9289-ketchup-tartufo-estivo-ugolini-gourmet-2-scaled.jpg,https://ugolinigroup.com/wp-content/uploads/2026/08/9289-ketchup-tartufo-estivo-ugolini-gourmet-2-scaled-1.jpg,127,Ketchup e tartufo estivo senza glutine 90 gr,ketchup-tartufo-estivo,9289-ketchup-tartufo-estivo-ugolini-gourmet-2-scaled.jpg,Ketchup e tartufo estivo senza glutine 90 gr — immagine prodotto 2,2
https://ugolinigourmet.it/wp-content/uploads/2023/01/9289-ketchup-tartufo-estivo-ugolini-gourmet-3-scaled.jpg,https://ugolinigroup.com/wp-content/uploads/2026/08/9289-ketchup-tartufo-estivo-ugolini-gourmet-3-scaled-1.jpg,128,Ketchup e tartufo estivo senza glutine 90 gr,ketchup-tartufo-estivo,9289-ketchup-tartufo-estivo-ugolini-gourmet-3-scaled.jpg,Ketchup e tartufo estivo senza glutine 90 gr — immagine prodotto 3,3
https://ugolinigourmet.it/wp-content/uploads/2023/01/9371-olio-extra-vergine-di-oliva-al-tartufo-bianco-ugolini-gourmet-250ml-squared-scaled.jpg,https://ugolinigroup.com/wp-content/uploads/2026/08/9371-olio-extra-vergine-di-oliva-al-tartufo-bianco-ugolini-gourmet-250ml-squared-scaled-1.jpg,136,Olio extra vergine di oliva al tartufo bianco 250 ml,olio-tartufo-bianco,9371-olio-extra-vergine-di-oliva-al-tartufo-bianco-ugolini-gourmet-250ml-squared-scaled.jpg,Olio extra vergine di oliva al tartufo bianco 250 ml,1
https://ugolinigourmet.it/wp-content/uploads/2023/01/9371-olio-extra-vergine-di-oliva-al-tartufo-bianco-ugolini-gourmet-7-scaled.jpg,https://ugolinigroup.com/wp-content/uploads/2026/08/9371-olio-extra-vergine-di-oliva-al-tartufo-bianco-ugolini-gourmet-7-scaled-1.jpg,137,Olio extra vergine di oliva al tartufo bianco 250 ml,olio-tartufo-bianco,9371-olio-extra-vergine-di-oliva-al-tartufo-bianco-ugolini-gourmet-7-scaled.jpg,Olio extra vergine di oliva al tartufo bianco 250 ml — immagine prodotto 2,2
https://ugolinigourmet.it/wp-content/uploads/2023/01/9364-olio-extra-vergine-di-oliva-al-tartufo-nero-ugolini-gourmet-8-scaled.jpg,https://ugolinigroup.com/wp-content/uploads/2026/08/9364-olio-extra-vergine-di-oliva-al-tartufo-nero-ugolini-gourmet-8-scaled-1.jpg,135,Olio extra vergine di oliva al tartufo nero 250 ml,olio-tartufo-nero,9364-olio-extra-vergine-di-oliva-al-tartufo-nero-ugolini-gourmet-8-scaled.jpg,Olio extra vergine di oliva al tartufo nero 250 ml,1
https://ugolinigourmet.it/wp-content/uploads/2023/01/9364-olio-extra-vergine-di-oliva-al-tartufo-nero-ugolini-gourmet-250ml-7-scaled.jpg,https://ugolinigroup.com/wp-content/uploads/2026/08/9364-olio-extra-vergine-di-oliva-al-tartufo-nero-ugolini-gourmet-250ml-7-scaled-1.jpg,134,Olio extra vergine di oliva al tartufo nero 250 ml,olio-tartufo-nero,9364-olio-extra-vergine-di-oliva-al-tartufo-nero-ugolini-gourmet-250ml-7-scaled.jpg,Olio extra vergine di oliva al tartufo nero 250 ml — immagine prodotto 2,2
https://ugolinigourmet.it/wp-content/uploads/2023/01/8800-pesto-alla-genovese-ugolini-gourmet-1.jpg,https://ugolinigroup.com/wp-content/uploads/2026/08/8800-pesto-alla-genovese-ugolini-gourmet-1.jpg,63,Pesto alla Genovese senza glutine 180 gr,pesto-genovese,8800-pesto-alla-genovese-ugolini-gourmet-1.jpg,Pesto alla Genovese senza glutine 180 gr,1
https://ugolinigourmet.it/wp-content/uploads/2023/01/8800-pesto-alla-genovese-ugolini-gourmet-2.jpg,https://ugolinigroup.com/wp-content/uploads/2026/08/8800-pesto-alla-genovese-ugolini-gourmet-2.jpg,65,Pesto alla Genovese senza glutine 180 gr,pesto-genovese,8800-pesto-alla-genovese-ugolini-gourmet-2.jpg,Pesto alla Genovese senza glutine 180 gr — immagine prodotto 2,2
https://ugolinigourmet.it/wp-content/uploads/2023/01/8800-pesto-alla-genovese-ugolini-gourmet-3.jpg,https://ugolinigroup.com/wp-content/uploads/2026/08/8800-pesto-alla-genovese-ugolini-gourmet-3.jpg,66,Pesto alla Genovese senza glutine 180 gr,pesto-genovese,8800-pesto-alla-genovese-ugolini-gourmet-3.jpg,Pesto alla Genovese senza glutine 180 gr — immagine prodotto 3,3
https://ugolinigourmet.it/wp-content/uploads/2023/01/8800-pesto-alla-genovese-ugolini-gourmet-4.jpg,https://ugolinigroup.com/wp-content/uploads/2026/08/8800-pesto-alla-genovese-ugolini-gourmet-4.jpg,67,Pesto alla Genovese senza glutine 180 gr,pesto-genovese,8800-pesto-alla-genovese-ugolini-gourmet-4.jpg,Pesto alla Genovese senza glutine 180 gr — immagine prodotto 4,4
https://ugolinigourmet.it/wp-content/uploads/2023/01/8800-pesto-alla-genovese-ugolini-gourmet-5.jpg,https://ugolinigroup.com/wp-content/uploads/2026/08/8800-pesto-alla-genovese-ugolini-gourmet-5.jpg,68,Pesto alla Genovese senza glutine 180 gr,pesto-genovese,8800-pesto-alla-genovese-ugolini-gourmet-5.jpg,Pesto alla Genovese senza glutine 180 gr — immagine prodotto 5,5
https://ugolinigourmet.it/wp-content/uploads/2023/01/8800-pesto-alla-genovese-ugolini-gourmet-6.jpg,https://ugolinigroup.com/wp-content/uploads/2026/08/8800-pesto-alla-genovese-ugolini-gourmet-6.jpg,69,Pesto alla Genovese senza glutine 180 gr,pesto-genovese,8800-pesto-alla-genovese-ugolini-gourmet-6.jpg,Pesto alla Genovese senza glutine 180 gr — immagine prodotto 6,6
https://ugolinigourmet.it/wp-content/uploads/2023/01/8800-pesto-alla-genovese-ugolini-gourmet-7.jpg,https://ugolinigroup.com/wp-content/uploads/2026/08/8800-pesto-alla-genovese-ugolini-gourmet-7.jpg,70,Pesto alla Genovese senza glutine 180 gr,pesto-genovese,8800-pesto-alla-genovese-ugolini-gourmet-7.jpg,Pesto alla Genovese senza glutine 180 gr — immagine prodotto 7,7
https://ugolinigourmet.it/wp-content/uploads/2023/01/8800-pesto-alla-genovese-ugolini-gourmet-8.jpg,https://ugolinigroup.com/wp-content/uploads/2026/08/8800-pesto-alla-genovese-ugolini-gourmet-8.jpg,71,Pesto alla Genovese senza glutine 180 gr,pesto-genovese,8800-pesto-alla-genovese-ugolini-gourmet-8.jpg,Pesto alla Genovese senza glutine 180 gr — immagine prodotto 8,8
https://ugolinigourmet.it/wp-content/uploads/2023/01/8800-pesto-alla-genovese-ugolini-gourmet-9.jpg,https://ugolinigroup.com/wp-content/uploads/2026/08/8800-pesto-alla-genovese-ugolini-gourmet-9.jpg,72,Pesto alla Genovese senza glutine 180 gr,pesto-genovese,8800-pesto-alla-genovese-ugolini-gourmet-9.jpg,Pesto alla Genovese senza glutine 180 gr — immagine prodotto 9,9
https://ugolinigourmet.it/wp-content/uploads/2023/01/8800-pesto-alla-genovese-ugolini-gourmet-10.jpg,https://ugolinigroup.com/wp-content/uploads/2026/08/8800-pesto-alla-genovese-ugolini-gourmet-10.jpg,64,Pesto alla Genovese senza glutine 180 gr,pesto-genovese,8800-pesto-alla-genovese-ugolini-gourmet-10.jpg,Pesto alla Genovese senza glutine 180 gr — immagine prodotto 10,10
https://ugolinigourmet.it/wp-content/uploads/2023/01/8794-pesto-al-tartufo-nero-ugolini-gourmet-1.jpg,https://ugolinigroup.com/wp-content/uploads/2026/08/8794-pesto-al-tartufo-nero-ugolini-gourmet-1.jpg,58,Pesto al tartufo nero senza glutine 180 gr,pesto-tartufo-nero,8794-pesto-al-tartufo-nero-ugolini-gourmet-1.jpg,Pesto al tartufo nero senza glutine 180 gr,1
https://ugolinigourmet.it/wp-content/uploads/2023/01/8794-pesto-al-tartufo-nero-ugolini-gourmet-2.jpg,https://ugolinigroup.com/wp-content/uploads/2026/08/8794-pesto-al-tartufo-nero-ugolini-gourmet-2.jpg,59,Pesto al tartufo nero senza glutine 180 gr,pesto-tartufo-nero,8794-pesto-al-tartufo-nero-ugolini-gourmet-2.jpg,Pesto al tartufo nero senza glutine 180 gr — immagine prodotto 2,2
https://ugolinigourmet.it/wp-content/uploads/2023/01/8794-pesto-al-tartufo-nero-ugolini-gourmet-3.jpg,https://ugolinigroup.com/wp-content/uploads/2026/08/8794-pesto-al-tartufo-nero-ugolini-gourmet-3.jpg,60,Pesto al tartufo nero senza glutine 180 gr,pesto-tartufo-nero,8794-pesto-al-tartufo-nero-ugolini-gourmet-3.jpg,Pesto al tartufo nero senza glutine 180 gr — immagine prodotto 3,3
https://ugolinigourmet.it/wp-content/uploads/2022/05/pesto-al-tartufo-nero-ugolini-gourmet-4.jpg,https://ugolinigroup.com/wp-content/uploads/2026/08/pesto-al-tartufo-nero-ugolini-gourmet-4.jpg,139,Pesto al tartufo nero senza glutine 180 gr,pesto-tartufo-nero,pesto-al-tartufo-nero-ugolini-gourmet-4.jpg,Pesto al tartufo nero senza glutine 180 gr — immagine prodotto 4,4
https://ugolinigourmet.it/wp-content/uploads/2023/01/8794-pesto-al-tartufo-nero-ugolini-gourmet-5.jpg,https://ugolinigroup.com/wp-content/uploads/2026/08/8794-pesto-al-tartufo-nero-ugolini-gourmet-5.jpg,61,Pesto al tartufo nero senza glutine 180 gr,pesto-tartufo-nero,8794-pesto-al-tartufo-nero-ugolini-gourmet-5.jpg,Pesto al tartufo nero senza glutine 180 gr — immagine prodotto 5,5
https://ugolinigourmet.it/wp-content/uploads/2023/01/8794-pesto-al-tartufo-nero-ugolini-gourmet-6-scaled.jpg,https://ugolinigroup.com/wp-content/uploads/2026/08/8794-pesto-al-tartufo-nero-ugolini-gourmet-6-scaled-1.jpg,62,Pesto al tartufo nero senza glutine 180 gr,pesto-tartufo-nero,8794-pesto-al-tartufo-nero-ugolini-gourmet-6-scaled.jpg,Pesto al tartufo nero senza glutine 180 gr — immagine prodotto 6,6
https://ugolinigourmet.it/wp-content/uploads/2023/01/8886-pesto-rosso-bio-ugolini-gourmet-1.jpg,https://ugolinigroup.com/wp-content/uploads/2026/08/8886-pesto-rosso-bio-ugolini-gourmet-1.jpg,111,Pesto rosso bio senza glutine 180 gr,pesto-rosso-bio,8886-pesto-rosso-bio-ugolini-gourmet-1.jpg,Pesto rosso bio senza glutine 180 gr,1
https://ugolinigourmet.it/wp-content/uploads/2023/01/8886-pesto-rosso-bio-ugolini-gourmet-2.jpg,https://ugolinigroup.com/wp-content/uploads/2026/08/8886-pesto-rosso-bio-ugolini-gourmet-2.jpg,112,Pesto rosso bio senza glutine 180 gr,pesto-rosso-bio,8886-pesto-rosso-bio-ugolini-gourmet-2.jpg,Pesto rosso bio senza glutine 180 gr — immagine prodotto 2,2
https://ugolinigourmet.it/wp-content/uploads/2023/01/8886-pesto-rosso-bio-ugolini-gourmet-3.jpg,https://ugolinigroup.com/wp-content/uploads/2026/08/8886-pesto-rosso-bio-ugolini-gourmet-3.jpg,113,Pesto rosso bio senza glutine 180 gr,pesto-rosso-bio,8886-pesto-rosso-bio-ugolini-gourmet-3.jpg,Pesto rosso bio senza glutine 180 gr — immagine prodotto 3,3
https://ugolinigourmet.it/wp-content/uploads/2023/01/8886-pesto-rosso-bio-ugolini-gourmet-4.jpg,https://ugolinigroup.com/wp-content/uploads/2026/08/8886-pesto-rosso-bio-ugolini-gourmet-4.jpg,114,Pesto rosso bio senza glutine 180 gr,pesto-rosso-bio,8886-pesto-rosso-bio-ugolini-gourmet-4.jpg,Pesto rosso bio senza glutine 180 gr — immagine prodotto 4,4
https://ugolinigourmet.it/wp-content/uploads/2023/01/8886-pesto-rosso-bio-ugolini-gourmet-5.jpg,https://ugolinigroup.com/wp-content/uploads/2026/08/8886-pesto-rosso-bio-ugolini-gourmet-5.jpg,115,Pesto rosso bio senza glutine 180 gr,pesto-rosso-bio,8886-pesto-rosso-bio-ugolini-gourmet-5.jpg,Pesto rosso bio senza glutine 180 gr — immagine prodotto 5,5
https://ugolinigourmet.it/wp-content/uploads/2023/01/8886-pesto-rosso-bio-ugolini-gourmet-6.jpg,https://ugolinigroup.com/wp-content/uploads/2026/08/8886-pesto-rosso-bio-ugolini-gourmet-6.jpg,116,Pesto rosso bio senza glutine 180 gr,pesto-rosso-bio,8886-pesto-rosso-bio-ugolini-gourmet-6.jpg,Pesto rosso bio senza glutine 180 gr — immagine prodotto 6,6
https://ugolinigourmet.it/wp-content/uploads/2023/01/8886-pesto-rosso-bio-ugolini-gourmet-7.jpg,https://ugolinigroup.com/wp-content/uploads/2026/08/8886-pesto-rosso-bio-ugolini-gourmet-7.jpg,117,Pesto rosso bio senza glutine 180 gr,pesto-rosso-bio,8886-pesto-rosso-bio-ugolini-gourmet-7.jpg,Pesto rosso bio senza glutine 180 gr — immagine prodotto 7,7
https://ugolinigourmet.it/wp-content/uploads/2023/01/8886-pesto-rosso-bio-ugolini-gourmet-8-scaled.jpg,https://ugolinigroup.com/wp-content/uploads/2026/08/8886-pesto-rosso-bio-ugolini-gourmet-8-scaled-1.jpg,118,Pesto rosso bio senza glutine 180 gr,pesto-rosso-bio,8886-pesto-rosso-bio-ugolini-gourmet-8-scaled.jpg,Pesto rosso bio senza glutine 180 gr — immagine prodotto 8,8
https://ugolinigourmet.it/wp-content/uploads/2023/01/8886-pesto-rosso-bio-ugolini-gourmet-9-scaled.jpg,https://ugolinigroup.com/wp-content/uploads/2026/08/8886-pesto-rosso-bio-ugolini-gourmet-9-scaled-1.jpg,119,Pesto rosso bio senza glutine 180 gr,pesto-rosso-bio,8886-pesto-rosso-bio-ugolini-gourmet-9-scaled.jpg,Pesto rosso bio senza glutine 180 gr — immagine prodotto 9,9
https://ugolinigourmet.it/wp-content/uploads/2023/01/8817-pesto-rosso-ugolini-gourmet-1.jpg,https://ugolinigroup.com/wp-content/uploads/2026/08/8817-pesto-rosso-ugolini-gourmet-1.jpg,73,Pesto rosso senza glutine 180 gr,pesto-rosso,8817-pesto-rosso-ugolini-gourmet-1.jpg,Pesto rosso senza glutine 180 gr,1
https://ugolinigourmet.it/wp-content/uploads/2023/01/8817-pesto-rosso-ugolini-gourmet-2.jpg,https://ugolinigroup.com/wp-content/uploads/2026/08/8817-pesto-rosso-ugolini-gourmet-2.jpg,74,Pesto rosso senza glutine 180 gr,pesto-rosso,8817-pesto-rosso-ugolini-gourmet-2.jpg,Pesto rosso senza glutine 180 gr — immagine prodotto 2,2
https://ugolinigourmet.it/wp-content/uploads/2023/01/8817-pesto-rosso-ugolini-gourmet-3.jpg,https://ugolinigroup.com/wp-content/uploads/2026/08/8817-pesto-rosso-ugolini-gourmet-3.jpg,75,Pesto rosso senza glutine 180 gr,pesto-rosso,8817-pesto-rosso-ugolini-gourmet-3.jpg,Pesto rosso senza glutine 180 gr — immagine prodotto 3,3
https://ugolinigourmet.it/wp-content/uploads/2023/01/8817-pesto-rosso-ugolini-gourmet-4.jpg,https://ugolinigroup.com/wp-content/uploads/2026/08/8817-pesto-rosso-ugolini-gourmet-4.jpg,76,Pesto rosso senza glutine 180 gr,pesto-rosso,8817-pesto-rosso-ugolini-gourmet-4.jpg,Pesto rosso senza glutine 180 gr — immagine prodotto 4,4
https://ugolinigourmet.it/wp-content/uploads/2023/01/8855-pesto-vegano-ugolini-gourmet-6.jpg,https://ugolinigroup.com/wp-content/uploads/2026/08/8855-pesto-vegano-ugolini-gourmet-6.jpg,104,Pesto vegano al tofu senza glutine e senza lattosio 180 gr,pesto-vegano,8855-pesto-vegano-ugolini-gourmet-6.jpg,Pesto vegano al tofu senza glutine e senza lattosio 180 gr,1
https://ugolinigourmet.it/wp-content/uploads/2023/01/8855-pesto-vegano-ugolini-gourmet-2.jpg,https://ugolinigroup.com/wp-content/uploads/2026/08/8855-pesto-vegano-ugolini-gourmet-2.jpg,100,Pesto vegano al tofu senza glutine e senza lattosio 180 gr,pesto-vegano,8855-pesto-vegano-ugolini-gourmet-2.jpg,Pesto vegano al tofu senza glutine e senza lattosio 180 gr — immagine prodotto 2,2
https://ugolinigourmet.it/wp-content/uploads/2023/01/8855-pesto-vegano-ugolini-gourmet-3.jpg,https://ugolinigroup.com/wp-content/uploads/2026/08/8855-pesto-vegano-ugolini-gourmet-3.jpg,101,Pesto vegano al tofu senza glutine e senza lattosio 180 gr,pesto-vegano,8855-pesto-vegano-ugolini-gourmet-3.jpg,Pesto vegano al tofu senza glutine e senza lattosio 180 gr — immagine prodotto 3,3
https://ugolinigourmet.it/wp-content/uploads/2023/01/8855-pesto-vegano-ugolini-gourmet-4.jpg,https://ugolinigroup.com/wp-content/uploads/2026/08/8855-pesto-vegano-ugolini-gourmet-4.jpg,102,Pesto vegano al tofu senza glutine e senza lattosio 180 gr,pesto-vegano,8855-pesto-vegano-ugolini-gourmet-4.jpg,Pesto vegano al tofu senza glutine e senza lattosio 180 gr — immagine prodotto 4,4
https://ugolinigourmet.it/wp-content/uploads/2023/01/8855-pesto-vegano-ugolini-gourmet-5.jpg,https://ugolinigroup.com/wp-content/uploads/2026/08/8855-pesto-vegano-ugolini-gourmet-5.jpg,103,Pesto vegano al tofu senza glutine e senza lattosio 180 gr,pesto-vegano,8855-pesto-vegano-ugolini-gourmet-5.jpg,Pesto vegano al tofu senza glutine e senza lattosio 180 gr — immagine prodotto 5,5
https://ugolinigourmet.it/wp-content/uploads/2023/01/8855-pesto-vegano-ugolini-gourmet-7.jpg,https://ugolinigroup.com/wp-content/uploads/2026/08/8855-pesto-vegano-ugolini-gourmet-7.jpg,105,Pesto vegano al tofu senza glutine e senza lattosio 180 gr,pesto-vegano,8855-pesto-vegano-ugolini-gourmet-7.jpg,Pesto vegano al tofu senza glutine e senza lattosio 180 gr — immagine prodotto 6,6
https://ugolinigourmet.it/wp-content/uploads/2023/01/8855-pesto-vegano-ugolini-gourmet-1.jpg,https://ugolinigroup.com/wp-content/uploads/2026/08/8855-pesto-vegano-ugolini-gourmet-1.jpg,99,Pesto vegano al tofu senza glutine e senza lattosio 180 gr,pesto-vegano,8855-pesto-vegano-ugolini-gourmet-1.jpg,Pesto vegano al tofu senza glutine e senza lattosio 180 gr — immagine prodotto 7,7
https://ugolinigourmet.it/wp-content/uploads/2023/01/8855-pesto-vegano-ugolini-gourmet-8-scaled.jpg,https://ugolinigroup.com/wp-content/uploads/2026/08/8855-pesto-vegano-ugolini-gourmet-8-scaled-1.jpg,106,Pesto vegano al tofu senza glutine e senza lattosio 180 gr,pesto-vegano,8855-pesto-vegano-ugolini-gourmet-8-scaled.jpg,Pesto vegano al tofu senza glutine e senza lattosio 180 gr — immagine prodotto 8,8
https://ugolinigourmet.it/wp-content/uploads/2023/01/8824-ragu-alla-bolognese-ugolini-gourmet-5.jpg,https://ugolinigroup.com/wp-content/uploads/2026/08/8824-ragu-alla-bolognese-ugolini-gourmet-5.jpg,82,Ragù alla Bolognese senza glutine 180 gr,ragu-bolognese,8824-ragu-alla-bolognese-ugolini-gourmet-5.jpg,Ragù alla Bolognese senza glutine 180 gr,1
https://ugolinigourmet.it/wp-content/uploads/2023/01/8824-ragu-alla-bolognese-ugolini-gourmet-3.jpg,https://ugolinigroup.com/wp-content/uploads/2026/08/8824-ragu-alla-bolognese-ugolini-gourmet-3.jpg,80,Ragù alla Bolognese senza glutine 180 gr,ragu-bolognese,8824-ragu-alla-bolognese-ugolini-gourmet-3.jpg,Ragù alla Bolognese senza glutine 180 gr — immagine prodotto 2,2
https://ugolinigourmet.it/wp-content/uploads/2023/01/8824-ragu-alla-bolognese-ugolini-gourmet-4.jpg,https://ugolinigroup.com/wp-content/uploads/2026/08/8824-ragu-alla-bolognese-ugolini-gourmet-4.jpg,81,Ragù alla Bolognese senza glutine 180 gr,ragu-bolognese,8824-ragu-alla-bolognese-ugolini-gourmet-4.jpg,Ragù alla Bolognese senza glutine 180 gr — immagine prodotto 3,3
https://ugolinigourmet.it/wp-content/uploads/2023/01/8824-ragu-alla-bolognese-ugolini-gourmet-6.jpg,https://ugolinigroup.com/wp-content/uploads/2026/08/8824-ragu-alla-bolognese-ugolini-gourmet-6.jpg,83,Ragù alla Bolognese senza glutine 180 gr,ragu-bolognese,8824-ragu-alla-bolognese-ugolini-gourmet-6.jpg,Ragù alla Bolognese senza glutine 180 gr — immagine prodotto 4,4
https://ugolinigourmet.it/wp-content/uploads/2023/01/8824-ragu-alla-bolognese-ugolini-gourmet-7.jpg,https://ugolinigroup.com/wp-content/uploads/2026/08/8824-ragu-alla-bolognese-ugolini-gourmet-7.jpg,84,Ragù alla Bolognese senza glutine 180 gr,ragu-bolognese,8824-ragu-alla-bolognese-ugolini-gourmet-7.jpg,Ragù alla Bolognese senza glutine 180 gr — immagine prodotto 5,5
https://ugolinigourmet.it/wp-content/uploads/2023/01/8824-ragu-alla-bolognese-ugolini-gourmet-8.jpg,https://ugolinigroup.com/wp-content/uploads/2026/08/8824-ragu-alla-bolognese-ugolini-gourmet-8.jpg,85,Ragù alla Bolognese senza glutine 180 gr,ragu-bolognese,8824-ragu-alla-bolognese-ugolini-gourmet-8.jpg,Ragù alla Bolognese senza glutine 180 gr — immagine prodotto 6,6
https://ugolinigourmet.it/wp-content/uploads/2023/01/8824-ragu-alla-bolognese-ugolini-gourmet-9.jpg,https://ugolinigroup.com/wp-content/uploads/2026/08/8824-ragu-alla-bolognese-ugolini-gourmet-9.jpg,86,Ragù alla Bolognese senza glutine 180 gr,ragu-bolognese,8824-ragu-alla-bolognese-ugolini-gourmet-9.jpg,Ragù alla Bolognese senza glutine 180 gr — immagine prodotto 7,7
https://ugolinigourmet.it/wp-content/uploads/2023/01/8824-ragu-alla-bolognese-ugolini-gourmet-1.jpg,https://ugolinigroup.com/wp-content/uploads/2026/08/8824-ragu-alla-bolognese-ugolini-gourmet-1.jpg,77,Ragù alla Bolognese senza glutine 180 gr,ragu-bolognese,8824-ragu-alla-bolognese-ugolini-gourmet-1.jpg,Ragù alla Bolognese senza glutine 180 gr — immagine prodotto 8,8
https://ugolinigourmet.it/wp-content/uploads/2023/01/8824-ragu-alla-bolognese-ugolini-gourmet-2.jpg,https://ugolinigroup.com/wp-content/uploads/2026/08/8824-ragu-alla-bolognese-ugolini-gourmet-2.jpg,79,Ragù alla Bolognese senza glutine 180 gr,ragu-bolognese,8824-ragu-alla-bolognese-ugolini-gourmet-2.jpg,Ragù alla Bolognese senza glutine 180 gr — immagine prodotto 9,9
https://ugolinigourmet.it/wp-content/uploads/2023/01/8824-ragu-alla-bolognese-ugolini-gourmet-10.jpg,https://ugolinigroup.com/wp-content/uploads/2026/08/8824-ragu-alla-bolognese-ugolini-gourmet-10.jpg,78,Ragù alla Bolognese senza glutine 180 gr,ragu-bolognese,8824-ragu-alla-bolognese-ugolini-gourmet-10.jpg,Ragù alla Bolognese senza glutine 180 gr — immagine prodotto 10,10
