source_wordpress_id,source_surecart_product_id,slug,official_product_name,currency,current_price,sale_price,is_on_sale,collections,source_url,image_urls,short_description,full_description,ingredients,allergens,nutritional_information,shelf_life,storage_instructions,usage_instructions,primary_packaging,weight_format,certifications_dietary_claims,organoleptic_characteristics,source_stock_enabled,source_available_stock,source_allow_out_of_stock_purchases,source_shipping_enabled,source_last_modified,audit_date
3032,802ab1b2-d25f-42b1-9670-217762d8df8d,ragu-vegano,Ragù vegano con soia 180 gr,EUR,4.26,,false,Sughi,https://ugolinigourmet.it/prodotto/ragu-vegano/,https://ugolinigourmet.it/wp-content/uploads/2023/01/8862-ragu-vegano-ugolini-gourmet-4.jpg | https://ugolinigourmet.it/wp-content/uploads/2023/01/8862-ragu-vegano-ugolini-gourmet-3.jpg | https://ugolinigourmet.it/wp-content/uploads/2023/01/8862-ragu-vegano-ugolini-gourmet-2.jpg | https://ugolinigourmet.it/wp-content/uploads/2023/01/8862-ragu-vegano-ugolini-gourmet-1.jpg,"Il ragù vegano con la soia è l’alternativa vegana e vegetariana al classico ragù alla bolognese. Abbiamo creato questa ricetta per chi non vuole mangiare carne, con l’intenzione di fornire loro un prodotto gustoso che non ha nulla da invidiare al classico ragù fatto con carne. Beh, lo facciamo con pura passata di pomodoro italiano, verdure e soia. Sarà quasi “impossibile” distinguere la ricetta originale da quella vegana. Così puoi cucinare una buona pasta per tutti i tuoi amici, vegani e non vegani. Provare per credere!","Il ragù vegano con la soia è l’alternativa vegana e vegetariana al classico ragù alla bolognese. Abbiamo creato questa ricetta per chi non vuole mangiare carne, con l’intenzione di fornire loro un prodotto gustoso che non ha nulla da invidiare al classico ragù fatto con carne. Beh, lo facciamo con pura passata di pomodoro italiano, verdure e soia. Sarà quasi “impossibile” distinguere la ricetta originale da quella vegana. Così puoi cucinare una buona pasta per tutti i tuoi amici, vegani e non vegani. Provare per credere!","Polpa di pomodoro italiano 58%, soia reidratata 25% (acqua, proteine della soia 30%), olio extravergine di oliva, carote, cipolla, sedano, sale, zucchero, erbe aromatiche, spezie, acidificante: acido citrico. Può contenere tracce di glutine. Il prodotto non contiene OGM.","Contiene: soia, sedano. Può contenere tracce di glutine.","Energia: 262 kJ / 63 kcal
Grassi: 3,0 gr di cui acidi grassi saturi 0,5 gr
Carboidrati: 3,4 gr di cui zuccheri 3,0 gr
Proteine: 4,3 gr
Sale: 1,4 gr",Da consumare entro 24 mesi. Shelf life garantita: 3/4 (18 mesi).,,"Tal quale, pronto all’uso.",Vaso vetro + capsula in banda stagnata.,180 gr,vegano | non contiene OGM,"Consistenza: cremosa
Colore: rosso tendente all’arancione
Odore: tipico della polpa di pomodoro e della soia
Sapore: tipico della polpa di pomodoro e della soia",true,0,false,true,2024-11-12T05:37:12,2026-08-24
3009,5d5f4f2e-9b93-4b5d-a1d2-033ef051300d,bruschetta-piccantina,"Bruschetta piccantina, salsa di pomodoro piccante senza glutine 180 gr",EUR,4.02,,false,Sughi,https://ugolinigourmet.it/prodotto/bruschetta-piccantina/,https://ugolinigourmet.it/wp-content/uploads/2023/01/8756-bruschetta-piccantina-ugolini-gourmet-1.jpg | https://ugolinigourmet.it/wp-content/uploads/2023/01/8756-bruschetta-piccantina-ugolini-gourmet-2.jpg | https://ugolinigourmet.it/wp-content/uploads/2023/01/8756-bruschetta-piccantina-ugolini-gourmet-3.jpg | https://ugolinigourmet.it/wp-content/uploads/2023/01/8756-bruschetta-piccantina-ugolini-gourmet-4.jpg,"La nostra Bruschetta Piccantina è una salsa di pomodoro dal tocco piccante, ideale per arricchire i tuoi momenti di convivialità con un sapore indimenticabile. Perfetta come accompagnamento per patatine fritte o per guarnire deliziosi crostini di pane durante un gustoso aperitivo, questa salsa si presta anche perfettamente per essere servita con una bourguignonne, da abbinare a carne alla griglia o per aggiungere sapore alla preparazione di hamburger.","La nostra Bruschetta Piccantina è una salsa di pomodoro dal tocco piccante, ideale per arricchire i tuoi momenti di convivialità con un sapore indimenticabile. Perfetta come accompagnamento per patatine fritte o per guarnire deliziosi crostini di pane durante un gustoso aperitivo, questa salsa si presta anche perfettamente per essere servita con una bourguignonne, da abbinare a carne alla griglia o per aggiungere sapore alla preparazione di hamburger.","Concentrato di pomodoro (50%), olio di semi di girasole, prezzemolo, aceto di vino, acciughe, olio extravergine di oliva, sale, peperoncino (0,2%), aglio. Il prodotto non contiene OGM.",Contiene: pesce. Può contenere tracce di frutta a guscio e latte. Senza Glutine.,"Energia: 1283 kJ / 310 kcal
Grassi: 28 gr di cui acidi grassi saturi 3,0 gr
Carboidrati: 10 gr di cui zuccheri 6,8 gr
Proteine: 3,3 gr
Sale: 3,6 gr",Da consumare entro 24 mesi. Shelf life garantita: 3/4 (18 mesi).,,"Tal quale, pronto all’uso.",Vaso vetro + capsula in banda stagnata.,180 gr,senza glutine | non contiene OGM,"Consistenza: cremosa
Colore: rosso scuro
Odore: tipico del concentrato di pomodoro
Sapore: tipico del pomodoro, leggermente piccante",true,155,false,true,2025-11-25T13:03:50,2026-08-24
3033,d3f3f2e0-4f3c-4c4b-ab77-fa02ea8da38d,salsa-tartufata,"Salsa tartufata, salsa al tartufo nero senza glutine 180 gr",EUR,5.4,,false,Salse con tartufo,https://ugolinigourmet.it/prodotto/salsa-tartufata/,https://ugolinigourmet.it/wp-content/uploads/2023/01/9272-salsa-al-tartufo-nero-ugolini-gourmet-1-scaled.jpg | https://ugolinigourmet.it/wp-content/uploads/2023/01/9272-salsa-al-tartufo-nero-ugolini-gourmet-2-scaled.jpg,"Se vuoi mostrare l’eleganza nei tuoi piatti senza rinunciare alla naturalezza e al sapore delle cose semplici prova la nostra Salsa Tartufata al Tartufo Nero. Quella preparazione è la regina dei sughi “pronti”. Si prepara con Tartufo Nero ed è ideale da abbinare a piatti semplici come la pasta all’uovo, uova fritte e carne cruda. Un connubio ideale di gusto e precisione.","Se vuoi mostrare l’eleganza nei tuoi piatti senza rinunciare alla naturalezza e al sapore delle cose semplici prova la nostra Salsa Tartufata al Tartufo Nero. Quella preparazione è la regina dei sughi “pronti”. Si prepara con Tartufo Nero ed è ideale da abbinare a piatti semplici come la pasta all’uovo, uova fritte e carne cruda. Un connubio ideale di gusto e precisione.","Funghi champignon (Agaricus bisporus) 50%, olio di semi di girasole, panna, cipolla, tartufo d’estate 1% (Tuber aestivum Vitt.), sale, olio extravergine di oliva, aglio, prezzemolo, pepe, acidificante: acido lattico; aroma. Il prodotto non contiene OGM.",Contiene: latte. Può contenere tracce di frutta a guscio. Senza Glutine.,"Energia: 1193 kJ / 290 kcal
Grassi: 30 gr di cui acidi grassi saturi 4,6 gr
Carboidrati: 1,7 gr di cui zuccheri 1,1 gr
Proteine: 2,5 gr
Sale: 1,7 gr",Da consumare entro 24 mesi. Shelf life garantita: 3/4 (18 mesi).,,"Tal quale, pronto all’uso.",Vaso vetro + capsula in banda stagnata.,180 gr,senza glutine | non contiene OGM,"Consistenza: cremosa
Colore: marrone chiaro
Odore: tipico dei funghi e del tartufo
Sapore: tipico dei funghi e del tartufo",true,17,false,true,2024-11-12T05:37:13,2026-08-24
3010,b1639e3d-530f-4847-9fd8-d1613244b9a5,confit-cipolle-rosse,Confit di cipolle rosse all’aceto balsamico di Modena IGP senza glutine 220 gr,EUR,5.94,,false,Marmellate,https://ugolinigourmet.it/prodotto/confit-cipolle-rosse/,https://ugolinigourmet.it/wp-content/uploads/2022/05/confit-cipolle-rosse-ugolini-gourmet-14.jpg | https://ugolinigourmet.it/wp-content/uploads/2023/01/8763-confit-cipolle-rosse-ugolini-gourmet-1.jpg | https://ugolinigourmet.it/wp-content/uploads/2023/01/8763-confit-cipolle-rosse-ugolini-gourmet-2.jpg | https://ugolinigourmet.it/wp-content/uploads/2023/01/8763-confit-cipolle-rosse-ugolini-gourmet-3.jpg | https://ugolinigourmet.it/wp-content/uploads/2023/01/8763-confit-cipolle-rosse-ugolini-gourmet-4.jpg | https://ugolinigourmet.it/wp-content/uploads/2023/01/8763-confit-cipolle-rosse-ugolini-gourmet-5.jpg | https://ugolinigourmet.it/wp-content/uploads/2023/01/8763-confit-cipolle-rosse-ugolini-gourmet-6.jpg | https://ugolinigourmet.it/wp-content/uploads/2023/01/8763-confit-cipolle-rosse-ugolini-gourmet-7.jpg | https://ugolinigourmet.it/wp-content/uploads/2023/01/8763-confit-cipolle-rosse-ugolini-gourmet-8.jpg | https://ugolinigourmet.it/wp-content/uploads/2023/01/8763-confit-cipolle-rosse-ugolini-gourmet-9.jpg | https://ugolinigourmet.it/wp-content/uploads/2023/01/8763-confit-cipolle-rosse-ugolini-gourmet-10.jpg | https://ugolinigourmet.it/wp-content/uploads/2023/01/8763-confit-cipolle-rosse-ugolini-gourmet-11.jpg | https://ugolinigourmet.it/wp-content/uploads/2023/01/8763-confit-cipolle-rosse-ugolini-gourmet-12.jpg | https://ugolinigourmet.it/wp-content/uploads/2023/01/8763-confit-cipolle-rosse-ugolini-gourmet-13.jpg | https://ugolinigourmet.it/wp-content/uploads/2023/01/8763-confit-cipolle-rosse-ugolini-gourmet-14.jpg | https://ugolinigourmet.it/wp-content/uploads/2023/01/8763-confit-cipolle-rosse-ugolini-gourmet-15.jpg,"La confit di cipolle rosse all’aceto balsamico di Modena IGP è una marmellata particolare caratterizzata da note agrodolci e da un intenso colore bruno-violaceo. Questa salsa è ideale con formaggio, glorifica il sapore, senza sopraffare al gusto, o in abbinamento a vari tipi di carne. Un consiglio: provatelo con il “Lardo di Colonnata” o con uno speciale “Prosciutto crudo di Parma”. È una rarità dal gusto unico, una delizia da servire a tavola.","La confit di cipolle rosse all’aceto balsamico di Modena IGP è una marmellata particolare caratterizzata da note agrodolci e da un intenso colore bruno-violaceo. Questa salsa è ideale con formaggio, glorifica il sapore, senza sopraffare al gusto, o in abbinamento a vari tipi di carne. Un consiglio: provatelo con il “Lardo di Colonnata” o con uno speciale “Prosciutto crudo di Parma”. È una rarità dal gusto unico, una delizia da servire a tavola.","Cipolle rosse 60%, zucchero, vino Barbera d’Alba DOC, olio extra vergine di oliva, “aceto balsamico di Modena I.G.P.” 3% (mosto d’uva cotto, aceto di vino), sale. Può contenere tracce di sedano. Il prodotto non contiene OGM.",Può contenere tracce di sedano. Senza Glutine.,"Energia: 1076 kJ / 254 kcal
Grassi: 0,4 gr di cui acidi grassi saturi 0,1 gr
Carboidrati: 59 gr di cui zuccheri 58 gr
Proteine: 1,9 gr
Sale: 0,02 gr",Da consumare entro 24 mesi.,,"Tal quale, pronto all’uso.",Vaso vetro + capsula in banda stagnata.,220 gr,senza glutine | IGP | non contiene OGM,"Consistenza: cremosa con pezzi di cipolla
Colore: viola scuro
Odore: tipico delle cipolle rosse
Sapore: tipico delle cipolle rosse",true,231,false,true,2024-11-12T05:37:05,2026-08-24
3034,2c1b177e-e7db-497b-b54b-ffb651a0a8f9,sugo-arrabbiata,"Sugo all’arrabbiata, salsa di polpa di pomodoro senza glutine 180 gr",EUR,3.15,,false,Sughi,https://ugolinigourmet.it/prodotto/sugo-arrabbiata/,https://ugolinigourmet.it/wp-content/uploads/2023/01/8848-sugo-allarrabbiata-ugolini-gourmet-1.jpg | https://ugolinigourmet.it/wp-content/uploads/2023/01/8848-sugo-allarrabbiata-ugolini-gourmet-2.jpg | https://ugolinigourmet.it/wp-content/uploads/2023/01/8848-sugo-allarrabbiata-ugolini-gourmet-3.jpg | https://ugolinigourmet.it/wp-content/uploads/2023/01/8848-sugo-allarrabbiata-ugolini-gourmet-4-scaled.jpg | https://ugolinigourmet.it/wp-content/uploads/2023/01/8848-sugo-allarrabbiata-ugolini-gourmet-5.jpg,"Il Sugo all’Arrabbiata è uno delle più famose e amate ricette della cucina romana. Pochi e semplici ingredienti per un condimento apprezzato in tutto il mondo. Prepariamo questa salsa utilizzando solo polpa di pomodoro italiana, olio extra vergine di oliva e una spolverata di peperoncino. Un piatto di penne con il nostro sugo all’arrabbiata è l’ideale per tutti gli eventi: ospiti inattesi, una pasta di mezzanotte o un pranzo al sacco dal mare.","Il Sugo all’Arrabbiata è uno delle più famose e amate ricette della cucina romana. Pochi e semplici ingredienti per un condimento apprezzato in tutto il mondo. Prepariamo questa salsa utilizzando solo polpa di pomodoro italiana, olio extra vergine di oliva e una spolverata di peperoncino. Un piatto di penne con il nostro sugo all’arrabbiata è l’ideale per tutti gli eventi: ospiti inattesi, una pasta di mezzanotte o un pranzo al sacco dal mare.","Polpa di pomodoro italiana (82%), olio extra vergine di oliva, cipolle, concentrato di pomodoro, sale, aglio, peperoncino (0,5%), pepe. Il prodotto non contiene OGM.",Può contenere tracce di frutta a guscio e latte. Senza Glutine.,"Energia: 489 kJ / 118 kcal
Grassi: 10 gr di cui acidi grassi saturi 1,4 gr
Carboidrati: 5,2 gr di cui zuccheri 3,7 gr
Proteine: 1,1 gr
Sale: 1,3 gr",Da consumare entro 24 mesi. Shelf life garantita: 3/4 (18 mesi).,,"Tal quale, pronto all’uso.",Vaso vetro + capsula in banda stagnata.,180 gr,senza glutine | non contiene OGM,"Consistenza: cremosa
Colore: rosso brillante
Odore: tipico della polpa di pomodoro
Sapore: tipico della polpa di pomodoro e del peperoncino",true,346,false,true,2024-11-12T05:37:13,2026-08-24
3011,5ef5a72f-2108-4db5-8cbb-26a68da000b9,crema-panna-tartufo-bianchetto,Crema a base di panna e tartufo bianchetto senza glutine 170 gr,EUR,5.1,,false,Salse con tartufo,https://ugolinigourmet.it/prodotto/crema-panna-tartufo-bianchetto/,https://ugolinigourmet.it/wp-content/uploads/2023/01/9265-crema-panna-tartufo-bianchetto-ugolini-gourmet-2-scaled.jpg | https://ugolinigourmet.it/wp-content/uploads/2023/01/9265-crema-panna-tartufo-bianchetto-ugolini-gourmet-1-scaled.jpg | https://ugolinigourmet.it/wp-content/uploads/2023/01/9265-crema-panna-tartufo-bianchetto-ugolini-gourmet-4-scaled.jpg | https://ugolinigourmet.it/wp-content/uploads/2023/01/9265-crema-panna-tartufo-bianchetto-ugolini-gourmet-3-scaled.jpg,"La Crema a base di panna e tartufo bianchetto è un perfetto mix di Parmigiano e tartufo. Un superbo gusto del più importante dei formaggi, arricchito del profumo di tartufo. Un ingrediente di alta qualità di la cucina italiana. Una ricetta semplice, ma preziosa, cremoso e ideale per essere utilizzato in diverse preparazioni: sugo per pasta o condimento per riso, farcitura per pasta ripiena, perfetta da spalmare sul pane arrostito. Un tocco intelligente ed elegante sulla tua tavola!","La Crema a base di panna e tartufo bianchetto è un perfetto mix di Parmigiano e tartufo. Un superbo gusto del più importante dei formaggi, arricchito del profumo di tartufo. Un ingrediente di alta qualità di la cucina italiana. Una ricetta semplice, ma preziosa, cremoso e ideale per essere utilizzato in diverse preparazioni: sugo per pasta o condimento per riso, farcitura per pasta ripiena, perfetta da spalmare sul pane arrostito. Un tocco intelligente ed elegante sulla tua tavola!","Funghi porcini (Boletus edulis e rel. gruppo), olio di semi di girasole, funghi champignon (Agaricus Bisporus), panna, formaggio Parmigiano Reggiano DOP (latte, sale, caglio) (5%), cipolla, tartufo d’estate (Tuber aestivum Vitt.) 1%, sale, olio extravergine di oliva, aglio, prezzemolo, pepe, acidificante: acido lattico; aroma. Il prodotto non contiene OGM.",Contiene: latte. Può contenere frutta a guscio. Senza Glutine.,"Energia: 1216 kJ / 295 kcal
Grassi: 30 gr di cui acidi grassi saturi 5,4 gr
Carboidrati: 1,6 gr di cui zuccheri 1,0 gr
Proteine: 4,0 gr
Sale: 1,7 gr",Da consumare entro 24 mesi. Shelf life garantita: 3/4 (18 mesi).,,"Tal quale, pronto all’uso.",Vaso vetro + capsula in banda stagnata.,170 gr,senza glutine | non contiene OGM,"Consistenza: cremosa
Colore: marrone chiaro
Odore: tipico dei funghi e del tartufo
Sapore: tipico dei funghi e del tartufo",true,0,false,true,2024-11-12T05:37:05,2026-08-24
3035,f08bf086-ffc4-4d6a-946d-c3ccf09f9154,sugo-tartufo-nero,Sugo al tartufo nero senza glutine 180 gr,EUR,3.54,,false,Salse con tartufo | Sughi,https://ugolinigourmet.it/prodotto/sugo-tartufo-nero/,https://ugolinigourmet.it/wp-content/uploads/2023/01/8831-sugo-tartufo-nero-ugolini-gourmet-1.jpg | https://ugolinigourmet.it/wp-content/uploads/2023/01/8831-sugo-tartufo-nero-ugolini-gourmet-2.jpg | https://ugolinigourmet.it/wp-content/uploads/2023/01/8831-sugo-tartufo-nero-ugolini-gourmet-3.jpg | https://ugolinigourmet.it/wp-content/uploads/2023/01/8831-sugo-tartufo-nero-ugolini-gourmet-4.jpg | https://ugolinigourmet.it/wp-content/uploads/2023/01/8831-sugo-tartufo-nero-ugolini-gourmet-5.jpg | https://ugolinigourmet.it/wp-content/uploads/2023/01/8831-sugo-tartufo-nero-ugolini-gourmet-6.jpg | https://ugolinigourmet.it/wp-content/uploads/2023/01/8831-sugo-tartufo-nero-ugolini-gourmet-7.jpg,"Il nostro Sugo al tartufo nero è una salsa versatile, in grado di vestire con eleganza ogni preparazione culinaria. Perfetto per condire la pasta, come le tagliatelle o gli spaghetti, ma anche ideale per esaltare il sapore di carni, pesci e verdure. Una salsa così prelibata è perfetta anche per creare piatti raffinati e sorprendenti, come bruschette o crostini, da gustare in compagnia di amici e famiglia, regalando momenti di condivisione e gioia.","Il nostro Sugo al tartufo nero è una salsa versatile, in grado di vestire con eleganza ogni preparazione culinaria. Perfetto per condire la pasta, come le tagliatelle o gli spaghetti, ma anche ideale per esaltare il sapore di carni, pesci e verdure. Una salsa così prelibata è perfetta anche per creare piatti raffinati e sorprendenti, come bruschette o crostini, da gustare in compagnia di amici e famiglia, regalando momenti di condivisione e gioia.

Lasciati conquistare dalla magia del tartufo nero con il nostro Sugo, una salsa unica nel suo genere, preparata con passione e dedizione per portare in tavola una festa di sapori e profumi. Con il nostro Sugo al tartufo nero, ogni piatto diventa un’esperienza culinaria indimenticabile, che ti porterà alla scoperta di nuovi gusti e nuove emozioni.","Polpa di pomodoro italiana (76%), olio extravergine di oliva, cipolla, concentrato di pomodoro, sale, tartufo d’estate 0,5% (Tuber aestivum Vitt), aglio, pepe, aroma. Il prodotto non contiene OGM.",Può contenere tracce di frutta a guscio e latte. Senza Glutine.,"Energia: 494 kJ / 119 kcal
Grassi: 10 gr di cui acidi grassi saturi 1,5 gr
Carboidrati: 5,6 gr di cui zuccheri 3,8 gr
Proteine: 1,0 gr
Sale: 0,78 gr",Da consumare entro 24 mesi. Shelf life garantita: 3/4 (18 mesi).,,"Tal quale, pronto all’uso.",Vaso vetro + capsula in banda stagnata.,180 gr,senza glutine | non contiene OGM,"Consistenza: cremosa
Colore: rosso brillante
Odore: tipico della polpa di pomodoro e del tartufo
Sapore: tipico della polpa di pomodoro e del tartufo",true,361,false,true,2024-11-12T05:37:13,2026-08-24
3012,9963b28c-e461-4573-92b4-e800baf26c6f,crema-funghi-porcini,Crema ai funghi porcini e champignon senza glutine 180 gr,EUR,4.68,,false,Salse ai funghi,https://ugolinigourmet.it/prodotto/crema-funghi-porcini/,https://ugolinigourmet.it/wp-content/uploads/2023/01/8770-crema-ai-funghi-ugolini-gourmet-1.jpg,"La Crema ai funghi porcini e champignon è una salsa cremosa dalla consistenza gustosa, preparata con più oltre il 50% di funghi divisi tra Porcini e Champignon. È una salsa vegetariana perfetta, preparata con i migliori ingredienti e può essere usata per i risotti, con la pasta fresca, spalmata sul pane o come base per un ripieno. Può essere usata pura o diluita con panna o latte.","La Crema ai funghi porcini e champignon è una salsa cremosa dalla consistenza gustosa, preparata con più oltre il 50% di funghi divisi tra Porcini e Champignon. È una salsa vegetariana perfetta, preparata con i migliori ingredienti e può essere usata per i risotti, con la pasta fresca, spalmata sul pane o come base per un ripieno. Può essere usata pura o diluita con panna o latte.","Funghi porcini (Boletus edulis e rel. gruppo) 33%, olio di semi di girasole, funghi champignon (Agaricus bisporus) 18%, panna, cipolla, olio extravergine di oliva, sale,prezzemolo, aglio, pepe, acidificante: acido lattico; aroma. Il prodotto non contiene OGM.",Contiene: latte. Può contenere tracce di frutta a guscio. Senza Glutine.,"Energia: 1156 kJ / 281 kcal
Grassi: 29 gr di cui acidi grassi saturi 4,6 gr
Carboidrati: 1,7 gr di cui zuccheri 1,1 gr
Proteine: 2,5 gr
Sale: 1,7 gr",Da consumare entro 24 mesi. Shelf life garantita: 3/4 (18 mesi).,,"Tal quale, pronto all’uso.",Vaso vetro + capsula in banda stagnata.,180 gr,senza glutine | non contiene OGM,"Consistenza: cremosa
Colore: marrone chiaro
Odore: tipico dei funghi
Sapore: tipico dei funghi",true,148,false,true,2024-11-12T05:37:06,2026-08-24
3036,dfda95ee-ecba-4f5e-ad80-95e56332deab,tartufo-estivo-intero,Tartufo estivo intero 25 gr,EUR,15,,false,Salse con tartufo,https://ugolinigourmet.it/prodotto/tartufo-estivo-intero/,https://ugolinigourmet.it/wp-content/uploads/2023/01/9302-tartufo-estivo-intero-ugolini-gourmet-1-scaled.jpg | https://ugolinigourmet.it/wp-content/uploads/2023/01/9302-tartufo-estivo-intero-ugolini-gourmet-2-scaled.jpg,"Il Tartufo Estivo Intero da 25 grammi rappresenta una vera e propria gemma culinaria, pronta a portare un tocco di lusso e raffinatezza alle tue preparazioni. Questo pregiato tartufo estivo (Tuber aestivum Vitt.) è stato raccolto con cura e selezionato per offrirti un’esperienza gastronomica straordinaria.","Il Tartufo Estivo Intero da 25 grammi rappresenta una vera e propria gemma culinaria, pronta a portare un tocco di lusso e raffinatezza alle tue preparazioni. Questo pregiato tartufo estivo (Tuber aestivum Vitt.) è stato raccolto con cura e selezionato per offrirti un’esperienza gastronomica straordinaria.

Ogni tartufo è stato immerso in acqua e leggermente insaporito con una nota di sale e aroma, creando un equilibrio perfetto che enfatizza le caratteristiche naturali del tartufo stesso. Questo procedimento, eseguito con grande attenzione, fa sì che ogni tartufo mantenga intatto il suo profumo inconfondibile e il sapore aromatico che lo rendono così prelibato.

La versatilità di questo Tartufo Estivo Intero è davvero eccezionale. È l’ingrediente perfetto per rifinire e impreziosire una vasta gamma di pietanze e antipasti. Puoi grattugiarlo sottilmente su pasta appena cotta, risotti o uova strapazzate per aggiungere un tocco di eleganza e intensità di gusto. Inoltre, il liquido di governo presente all’interno del vasetto è altrettanto prezioso, poiché cattura l’essenza del tartufo e può essere utilizzato come condimento per amplificare ulteriormente il sapore dei tuoi piatti.","Tartufo estivo (Tuber aestivum Vitt.), acqua, sale, aroma.","Il prodotto non contiene sostanze allergeniche o prodotti contenenti tali componenti. Durante la raccolta, il trasferimento e l’elaborazione, il prodotto non è soggetto ad alcun rischio di contaminazione incrociata. Senza Glutine.","Energia: 333 kJ / 80 kcal
Grassi: 1,3 gr di cui acidi grassi saturi 0,2 gr
Carboidrati: 6,4 gr di cui zuccheri 0,5 gr
Fibre: 8,4 gr
Proteine: 6,4 gr
Sale: 0,45 gr",24 mesi.,Temperatura ambiente. Una volta aperto conservare a +2° / +4° e consumare entro 6 giorni.,"Ideale per rifinire pietanze e antipasti. Usare come condimento anche il liquido di governo, presente all’interno del vasetto.",Vaso vetro + capsula in banda stagnata.,25 gr,senza glutine,"Aspetto: solido
Colore: marrone
Odore: tipico
Gusto: naturale, tipico e piacevole
Stato: solido / liquido",true,0,false,true,2024-11-12T05:37:13,2026-08-24
3015,8dec040d-d64b-4b21-bf26-4a0fc887e43b,crema-tartufo-nero,Crema al tartufo nero senza glutine 180 gr,EUR,5.4,,false,Salse ai funghi | Salse con tartufo,https://ugolinigourmet.it/prodotto/crema-tartufo-nero/,https://ugolinigourmet.it/wp-content/uploads/2023/01/8787-crema-al-tartufo-nero-ugolini-gourmet-1.jpg,"La Crema al tartufo nero arricchisce le tavole con il gusto e il profumo di tartufo. Una semplice, ma preziosa ricetta, cremosa e ideale per essere utilizzata in diverse preparazioni: come sugo per la pasta o come condimento per il riso, come ripieno per la pasta ripiena, perfetto da condire spalmato su pane arrostito.","La Crema al tartufo nero arricchisce le tavole con il gusto e il profumo di tartufo. Una semplice, ma preziosa ricetta, cremosa e ideale per essere utilizzata in diverse preparazioni: come sugo per la pasta o come condimento per il riso, come ripieno per la pasta ripiena, perfetto da condire spalmato su pane arrostito.","Funghi champignon (Agaricus bisporus) 50%, olio di semi di girasole, panna, cipolla, tartufo d’estate (Tuber aestivum Vitt.) 1%, sale, olio extravergine di oliva, aglio, prezzemolo, pepe, acidificante: acido lattico; aroma. Il prodotto non contiene OGM.",Contiene: latte. Può contenere tracce di frutta a guscio. Senza Glutine.,"Energia: 1193 kJ / 290 kcal
Grassi: 30 gr di cui acidi grassi saturi 4,6 gr
Carboidrati: 1,7 gr di cui zuccheri 1,1 gr
Proteine: 2,5 gr
Sale: 1,7 gr",Da consumare entro 24 mesi. Shelf life garantita: 3/4 (18 mesi).,,"Tal quale, pronto all’uso.",Vaso vetro + capsula in banda stagnata.,180 gr,senza glutine | non contiene OGM,Consistenza: cremosa Colore: marrone chiaro Odore: tipico dei funghi e del tartufo Sapore: tipico dei funghi e del tartufo,true,0,false,true,2024-11-12T05:37:07,2026-08-24
3016,7a1b8cff-67fb-4f4c-ab71-eb93e2ce002d,crema-carciofi-tartufo-nero,Crema di carciofi e tartufo nero estivo senza glutine 170 gr,EUR,11.7,,false,Salse con tartufo,https://ugolinigourmet.it/prodotto/crema-carciofi-tartufo-nero/,https://ugolinigourmet.it/wp-content/uploads/2023/01/9296-crema-carciofi-tartufo-nero-estivo-ugolini-gourmet-2-scaled.jpg | https://ugolinigourmet.it/wp-content/uploads/2023/01/9296-crema-carciofi-tartufo-nero-estivo-ugolini-gourmet-1-scaled.jpg | https://ugolinigourmet.it/wp-content/uploads/2023/01/9296-crema-carciofi-tartufo-nero-estivo-ugolini-gourmet-3-scaled.jpg,"La nostra Crema di carciofi con tartufo nero estivo al 5% è una deliziosa e raffinata preparazione culinaria, ideale per arricchire i tuoi piatti con un connubio di sapori unici e prelibati. Questa crema è stata sapientemente creata per offrirti una combinazione irresistibile tra la delicatezza dei carciofi e la preziosità del tartufo nero estivo.","La nostra Crema di carciofi con tartufo nero estivo al 5% è una deliziosa e raffinata preparazione culinaria, ideale per arricchire i tuoi piatti con un connubio di sapori unici e prelibati. Questa crema è stata sapientemente creata per offrirti una combinazione irresistibile tra la delicatezza dei carciofi e la preziosità del tartufo nero estivo.","Carciofi 65%, olio extra vergine di oliva, Tartufo estivo 5% (Tuber aestivum Vitt.), sale, aroma, prezzemolo, pepe. Il prodotto non contiene OGM.","Il prodotto non contiene sostanze allergeniche o prodotti contenenti tali componenti. Durante la raccolta, il trasferimento e l’elaborazione, il prodotto non è soggetto ad alcun rischio di contaminazione incrociata. Senza glutine.","Energia: 1141 kJ / 277 kcal
Grassi: 28,1 gr di cui acidi grassi saturi 3,9 gr
Carboidrati: 2,2 gr di cui zuccheri 1,2 gr
Proteine: 1,8 gr",36 mesi.,,"Per sfruttare in modo ottimale le qualità del prodotto, si consiglia di utilizzare una quantità di 35/40 g di prodotto per persona, ripassandola insieme alla pasta direttamente in padella. Se gradito, aggiungere il parmigiano. È ideale come condimento per crostini e primi piatti.",Vaso vetro + capsula in banda stagnata.,170 gr,senza glutine | non contiene OGM,"Consistenza: grana fine
Colore: crema tendente al giallo
Odore: tipico del prodotto, intenso di tartufo
Gusto: tipico e piacevole
Consistenza: compatta e densa
Stato: solido",true,40,false,true,2024-11-12T05:37:07,2026-08-24
3019,24e17f6f-a463-4bb0-a4e3-94707add51d8,ketchup-tartufo-estivo,Ketchup e tartufo estivo senza glutine 90 gr,EUR,8.15,,false,Salse con tartufo,https://ugolinigourmet.it/prodotto/ketchup-tartufo-estivo/,https://ugolinigourmet.it/wp-content/uploads/2023/01/9289-ketchup-tartufo-estivo-ugolini-gourmet-1.jpg | https://ugolinigourmet.it/wp-content/uploads/2023/01/9289-ketchup-tartufo-estivo-ugolini-gourmet-2-scaled.jpg | https://ugolinigourmet.it/wp-content/uploads/2023/01/9289-ketchup-tartufo-estivo-ugolini-gourmet-3-scaled.jpg,"La nostra crema compatta al ketchup con tartufo nero estivo al 3% è una delizia culinaria che unisce il gusto intenso del ketchup con l’aroma pregiato del tartufo nero estivo. Questa crema ha una consistenza setosa e una versatilità senza pari, rendendola perfetta per una varietà di piatti e preparazioni.","La nostra crema compatta al ketchup con tartufo nero estivo al 3% è una delizia culinaria che unisce il gusto intenso del ketchup con l’aroma pregiato del tartufo nero estivo. Questa crema ha una consistenza setosa e una versatilità senza pari, rendendola perfetta per una varietà di piatti e preparazioni.

Il ketchup è la base di questa crema, realizzato con concentrato di pomodoro di alta qualità, zucchero, aceto di vino e aromi naturali. Il suo sapore dolce e leggermente acidulo si sposa alla perfezione con il tartufo nero estivo, creando un connubio di sapori unico ed equilibrato.

Il tartufo nero estivo al 3% è il segreto di questa crema, conferendo un tocco di lusso e raffinatezza a ogni piatto. Il suo aroma terroso e il sapore leggermente nocciolato si fondono armoniosamente con il ketchup, trasformandolo in un condimento gourmet irresistibile.","Ketchup (concentrato di pomodoro 50%, acqua, zucchero, aceto di vino, sale, aromi naturali, addensanti: gomma di xanthan e gomma di guar), Tartufo estivo 3% (Tuber aestivum Vitt.), sale, aroma. Acidificante: Acido lattico E270. Il prodotto non contiene OGM.","Il prodotto non contiene sostanze allergeniche o prodotti contenenti tali componenti. Durante la raccolta, il trasferimento e l’elaborazione, il prodotto non è soggetto ad alcun rischio di contaminazione incrociata. Senza glutine.","Energia: 423 kJ / 100 kcal
Grassi: 1 gr di cui acidi grassi saturi 0,5 gr
Carboidrati: 21 gr di cui zuccheri 15 gr
Proteine: 1,8 gr
Fibre: 0,6 gr
Sale: 2,0 gr",12 mesi.,,"Ideale per condire carne, piatti freddi, carni bollite, insalate.",Vaso vetro + capsula in banda stagnata.,90 gr,senza glutine | non contiene OGM,"Consistenza: crema compatta
Colore: rosso
Odore: tipico del tartufo
Gusto: naturale, tipico e piacevole
Stato: solido",true,28,false,true,2024-11-12T05:37:08,2026-08-24
3020,2c4afa1c-2912-4ecb-8518-fa5e567c4a10,olio-tartufo-bianco,Olio extra vergine di oliva al tartufo bianco 250 ml,EUR,8.97,,false,Olio al tartufo,https://ugolinigourmet.it/prodotto/olio-tartufo-bianco/,https://ugolinigourmet.it/wp-content/uploads/2023/01/9371-olio-extra-vergine-di-oliva-al-tartufo-bianco-ugolini-gourmet-250ml-squared-scaled.jpg | https://ugolinigourmet.it/wp-content/uploads/2023/01/9371-olio-extra-vergine-di-oliva-al-tartufo-bianco-ugolini-gourmet-7-scaled.jpg,"Condimento aromatizzato al tartufo bianco a base di olio extra vergine di oliva. È ideale come condimento per crostini e ripieni per antipasti primi e secondi piatti, frittate e comunque come base per tutte le pietanze al tartufo.","Condimento aromatizzato al tartufo bianco a base di olio extra vergine di oliva. È ideale come condimento per crostini e ripieni per antipasti primi e secondi piatti, frittate e comunque come base per tutte le pietanze al tartufo.

Questo sublime condimento aromatizzato al tartufo bianco, con la sua base di olio extra vergine di oliva, è una vera prelibatezza culinaria. Il suo gusto raffinato e l’aroma inconfondibile del tartufo bianco lo rendono perfetto per elevare il sapore di numerosi piatti, trasformando ogni preparazione in una vera e propria esperienza gourmet.

L’olio extra vergine di oliva, selezionato con cura per la sua qualità superiore e il gusto fruttato, costituisce la base ideale per accogliere il profumo avvolgente del tartufo bianco. Questa fusione di sapori crea una sinergia gastronomica unica, che rende ogni piatto speciale e memorabile.",,,,,,"Per sfruttare in modo ottimale le qualità del prodotto, si consiglia di utilizzare un cucchiaino di olio per persona. È ideale come condimento per crostini e ripieni per antipasti primi e secondi piatti, frittate e comunque come base per tutte le pietanze al tartufo.",Bottiglia di vetro.,250 ml,,"Aspetto: liquido
Colore: varia dal verde al giallo
Odore: caratteristico del tartufo
Gusto: fruttato, maturo
Consistenza: liquida Stato: liquido",true,199,false,true,2024-11-12T05:37:08,2026-08-24
3021,99ea0e43-155e-4bad-8801-4842f53f0099,olio-tartufo-nero,Olio extra vergine di oliva al tartufo nero 250 ml,EUR,8.7,,false,Olio al tartufo,https://ugolinigourmet.it/prodotto/olio-tartufo-nero/,https://ugolinigourmet.it/wp-content/uploads/2023/01/9364-olio-extra-vergine-di-oliva-al-tartufo-nero-ugolini-gourmet-8-scaled.jpg | https://ugolinigourmet.it/wp-content/uploads/2023/01/9364-olio-extra-vergine-di-oliva-al-tartufo-nero-ugolini-gourmet-250ml-7-scaled.jpg,"Condimento aromatizzato al tartufo nero a base di olio extra vergine di oliva. È ideale come condimento per crostini e ripieni per antipasti primi e secondi piatti, frittate e comunque come base per tutte le pietanze al tartufo.","Condimento aromatizzato al tartufo nero a base di olio extra vergine di oliva. È ideale come condimento per crostini e ripieni per antipasti primi e secondi piatti, frittate e comunque come base per tutte le pietanze al tartufo.

Questo prelibato condimento aromatizzato al tartufo nero, con la sua base di olio extra vergine di oliva, è un’esperienza culinaria di puro piacere. La sua raffinatezza e versatilità lo rendono perfetto per esaltare il gusto di molte pietanze, donando loro un tocco di lusso e prelibatezza.

L’olio extra vergine di oliva, con la sua qualità superiore e il gusto fruttato, forma la base perfetta per accogliere l’aroma inconfondibile del tartufo nero. Questa sinergia di sapori è un vero e proprio inno alla bontà gastronomica, che trasforma ogni piatto in un’esperienza indimenticabile.",,,,,,"Per sfruttare in modo ottimale le qualità del prodotto, si consiglia di utilizzare un cucchiaino di olio per persona. È ideale come condimento per crostini e ripieni per antipasti primi e secondi piatti, frittate e comunque come base per tutte le pietanze al tartufo.",Bottiglia di vetro.,250 ml,,"Aspetto: liquido
Colore: varia dal verde al giallo
Odore: caratteristico del tartufo
Gusto: fruttato, maturo
Consistenza: liquida Stato: liquido",true,193,false,true,2024-11-12T05:37:09,2026-08-24
3024,6d76d8e1-0951-4d4a-913f-248eb5374b35,pesto-genovese,Pesto alla Genovese senza glutine 180 gr,EUR,3.45,,false,Pesto,https://ugolinigourmet.it/prodotto/pesto-genovese/,https://ugolinigourmet.it/wp-content/uploads/2023/01/8800-pesto-alla-genovese-ugolini-gourmet-1.jpg | https://ugolinigourmet.it/wp-content/uploads/2023/01/8800-pesto-alla-genovese-ugolini-gourmet-2.jpg | https://ugolinigourmet.it/wp-content/uploads/2023/01/8800-pesto-alla-genovese-ugolini-gourmet-3.jpg | https://ugolinigourmet.it/wp-content/uploads/2023/01/8800-pesto-alla-genovese-ugolini-gourmet-4.jpg | https://ugolinigourmet.it/wp-content/uploads/2023/01/8800-pesto-alla-genovese-ugolini-gourmet-5.jpg | https://ugolinigourmet.it/wp-content/uploads/2023/01/8800-pesto-alla-genovese-ugolini-gourmet-6.jpg | https://ugolinigourmet.it/wp-content/uploads/2023/01/8800-pesto-alla-genovese-ugolini-gourmet-7.jpg | https://ugolinigourmet.it/wp-content/uploads/2023/01/8800-pesto-alla-genovese-ugolini-gourmet-8.jpg | https://ugolinigourmet.it/wp-content/uploads/2023/01/8800-pesto-alla-genovese-ugolini-gourmet-9.jpg | https://ugolinigourmet.it/wp-content/uploads/2023/01/8800-pesto-alla-genovese-ugolini-gourmet-10.jpg,Il Pesto alla Genovese si prepara con l’utilizzo solo di basilico italiano (36%). Il profumo delicato di basilico si unisce ad una forte nota di un ottimo formaggio italiano: Pecorino. È in questo modo che tutti gli ingredienti si sposino per creare una ricetta dalla consistenza più densa: ideale per entrambi i primi piatti e salse spalmabili.,"Il Pesto alla Genovese si prepara con l’utilizzo solo di basilico italiano (36%). Il profumo delicato di basilico si unisce ad una forte nota di un ottimo formaggio italiano: Pecorino. È in questo modo che tutti gli ingredienti si sposino per creare una ricetta dalla consistenza più densa: ideale per entrambi i primi piatti e salse spalmabili.

Il Pesto alla Genovese è la scelta perfetta per condire entrambi i primi piatti e salse spalmabili. Le paste, dai formati più vari, si trasformano in autentiche opere d’arte culinaria, mentre le salse spalmabili arricchiscono ogni piatto, rendendolo un’esperienza unica e indimenticabile.

Scopri il piacere di utilizzare il Pesto alla Genovese in cucina e lasciati conquistare dalla sua bontà e raffinatezza. Condividi con i tuoi cari questa esperienza culinaria unica e goditi il privilegio di gustare il pesto italiano, una vera eccellenza della gastronomia. Il Pesto alla Genovese trasformerà ogni pasto in una festa per il palato, rendendo la tua tavola un luogo di raffinata delizia culinaria.","Olio di semi di girasole, basilico italiano (36%), anacardi, sale, formaggio Pecorino Romano DOP (latte di pecora, sale, caglio), pinoli, aglio, antiossidante: acido ascorbico; correttore di acidità: acido citrico. Il prodotto non contiene OGM.",Contiene: frutta a guscio e latte. Può contenere tracce di altra frutta a guscio e arachidi. Senza Glutine.,"Energia: 1963 kJ / 476 kcal
Grassi: 48 gr di cui acidi grassi saturi 6,5 gr
Carboidrati: 4,6 gr di cui zuccheri 1,9 gr
Proteine: 5,2 gr
Sale: 2,4 gr",Da consumare entro 24 mesi. Shelf life garantita: 3/4 (18 mesi).,,"Tal quale, pronto all’uso.",Vaso vetro + capsula in banda stagnata.,180 gr,senza glutine | non contiene OGM,"Consistenza: cremosa
Colore: verde scuro
Odore: tipico del basilico
Sapore: tipico del basilico",true,410,false,true,2024-11-12T05:37:09,2026-08-24
3027,7d1e1693-b3aa-4a15-8657-45bcb1643554,pesto-tartufo-nero,Pesto al tartufo nero senza glutine 180 gr,EUR,4.56,,false,Pesto | Salse con tartufo,https://ugolinigourmet.it/prodotto/pesto-tartufo-nero/,https://ugolinigourmet.it/wp-content/uploads/2023/01/8794-pesto-al-tartufo-nero-ugolini-gourmet-1.jpg | https://ugolinigourmet.it/wp-content/uploads/2023/01/8794-pesto-al-tartufo-nero-ugolini-gourmet-2.jpg | https://ugolinigourmet.it/wp-content/uploads/2023/01/8794-pesto-al-tartufo-nero-ugolini-gourmet-3.jpg | https://ugolinigourmet.it/wp-content/uploads/2022/05/pesto-al-tartufo-nero-ugolini-gourmet-4.jpg | https://ugolinigourmet.it/wp-content/uploads/2023/01/8794-pesto-al-tartufo-nero-ugolini-gourmet-5.jpg | https://ugolinigourmet.it/wp-content/uploads/2023/01/8794-pesto-al-tartufo-nero-ugolini-gourmet-6-scaled.jpg,"Il Pesto al tartufo nero nasce dall’idea di arricchire il nostro classico pesto genovese con uno degli ingredienti più preziosi della terra: il tartufo nero. Semplicità ed eleganza che uniti in una ricetta unica ne fanno un prodotto delicato. Ideale per antipasti ma anche per primi piatti, trofie, gnocchi e… perché no? Con un semplice pureè. Con tartufo e pesto puoi arricchire anche il piatto più semplice.","Il Pesto al tartufo nero nasce dall’idea di arricchire il nostro classico pesto genovese con uno degli ingredienti più preziosi della terra: il tartufo nero. Semplicità ed eleganza che uniti in una ricetta unica ne fanno un prodotto delicato. Ideale per antipasti ma anche per primi piatti, trofie, gnocchi e… perché no? Con un semplice pureè. Con tartufo e pesto puoi arricchire anche il piatto più semplice.","Olio di semi di girasole, basilico Italiano 35%, anacardi, sale, tartufo d’estate 1% (Tuber aestivum Vitt.), formaggio Pecorino Romano DOP (latte di pecora, sale, caglio), pinoli, aglio, aroma, antiossidante: acido ascorbico, correttore di acidità: acido citrico. Il prodotto non contiene OGM.",Contiene: frutta a guscio e latte. Può contenere tracce di altra frutta a guscio e arachidi. Senza Glutine.,"Energia: 1963 kJ / 476 kcal
Grassi: 48 gr di cui acidi grassi saturi 6,5 gr
Carboidrati: 4,6 gr di cui zuccheri 1,9 gr
Proteine: 5,2 gr
Sale: 2,4 gr",Da consumare entro 24 mesi. Shelf life garantita: 3/4 (18 mesi).,,"Tal quale, pronto all’uso.",Vaso vetro + capsula in banda stagnata.,180 gr,senza glutine | non contiene OGM,"Consistenza: cremosa
Colore: verde scuro
Odore: tipico del basilico e del tartufo
Sapore: tipico del basilico e del tartufo",true,300,false,true,2024-11-12T05:37:10,2026-08-24
3028,f5f4fe80-bf8c-4f97-8d28-de8bc50fb92b,pesto-rosso-bio,Pesto rosso bio senza glutine 180 gr,EUR,4.95,,false,Pesto,https://ugolinigourmet.it/prodotto/pesto-rosso-bio/,https://ugolinigourmet.it/wp-content/uploads/2023/01/8886-pesto-rosso-bio-ugolini-gourmet-1.jpg | https://ugolinigourmet.it/wp-content/uploads/2023/01/8886-pesto-rosso-bio-ugolini-gourmet-2.jpg | https://ugolinigourmet.it/wp-content/uploads/2023/01/8886-pesto-rosso-bio-ugolini-gourmet-3.jpg | https://ugolinigourmet.it/wp-content/uploads/2023/01/8886-pesto-rosso-bio-ugolini-gourmet-4.jpg | https://ugolinigourmet.it/wp-content/uploads/2023/01/8886-pesto-rosso-bio-ugolini-gourmet-5.jpg | https://ugolinigourmet.it/wp-content/uploads/2023/01/8886-pesto-rosso-bio-ugolini-gourmet-6.jpg | https://ugolinigourmet.it/wp-content/uploads/2023/01/8886-pesto-rosso-bio-ugolini-gourmet-7.jpg | https://ugolinigourmet.it/wp-content/uploads/2023/01/8886-pesto-rosso-bio-ugolini-gourmet-8-scaled.jpg | https://ugolinigourmet.it/wp-content/uploads/2023/01/8886-pesto-rosso-bio-ugolini-gourmet-9-scaled.jpg,"Pesto rosso bio, una ricetta che si conserva a temperatura ambiente per 18 mesi, preparato con materie prime derivate interamente da agricoltura biologica e lavorate interamente con olio extra vergine di oliva, polpa di pomodoro italiano e pomodori secchi. Semplicemente un prodotto eccezionale, cremoso e profumato. Perfetto per le persone che vogliono degustare prodotti avendo la certezza che le materie prime siano totalmente ottenute da agricoltura biologica.","Pesto rosso bio, una ricetta che si conserva a temperatura ambiente per 18 mesi, preparato con materie prime derivate interamente da agricoltura biologica e lavorate interamente con olio extra vergine di oliva, polpa di pomodoro italiano e pomodori secchi. Semplicemente un prodotto eccezionale, cremoso e profumato. Perfetto per le persone che vogliono degustare prodotti avendo la certezza che le materie prime siano totalmente ottenute da agricoltura biologica.","Olio extravergine di oliva*, polpa di pomodoro*, pomodori secchi* 9%, basilico italiano* 6%, noci di cajou*, formaggio* (latte*, sale, caglio), aglio*, sale, antiossidante: acido ascorbico. * biologico. Il prodotto non contiene OGM.",Contiene: frutta a guscio e latte. Senza Glutine.,"Energia: 1765 kJ / 428 kcal
Grassi: 42 gr di cui acidi grassi saturi 6,5 gr
Carboidrati: 8,6 gr di cui zuccheri 5,2 gr
Proteine: 2,9 gr
Sale: 1,6 gr",Da consumare entro 24 mesi. Shelf life garantita: 3/4 (18 mesi).,,"Tal quale, pronto all’uso.",Vaso vetro + capsula in banda stagnata.,180 gr,senza glutine | bio/biologico | non contiene OGM,"Consistenza: cremosa
Colore: rosso scuro
Odore: tipico del basilico e dei pomodori secchi
Sapore: tipico del basilico e dei pomodori secchi",true,38,false,true,2024-11-12T05:37:11,2026-08-24
3029,c4ec2d70-1552-421f-8af0-f56771736c8b,pesto-rosso,Pesto rosso senza glutine 180 gr,EUR,3.45,,false,Pesto,https://ugolinigourmet.it/prodotto/pesto-rosso/,https://ugolinigourmet.it/wp-content/uploads/2023/01/8817-pesto-rosso-ugolini-gourmet-1.jpg | https://ugolinigourmet.it/wp-content/uploads/2023/01/8817-pesto-rosso-ugolini-gourmet-2.jpg | https://ugolinigourmet.it/wp-content/uploads/2023/01/8817-pesto-rosso-ugolini-gourmet-3.jpg | https://ugolinigourmet.it/wp-content/uploads/2023/01/8817-pesto-rosso-ugolini-gourmet-4.jpg,"Il pesto rosso è familiarmente chiamato “pesto rosso alla genovese” fratello del pesto alla genovese classico. Ricetta preparata con italiano basilico, olio di semi di girasole e pomodori essiccati di prima qualità. L’uso dei pomodori secchi danno un forte colore rosso, rendendo questo pesto ideale per condire la pasta, gnocchi o da spalmare su crostini di pane.","Il pesto rosso è familiarmente chiamato “pesto rosso alla genovese” fratello del pesto alla genovese classico. Ricetta preparata con italiano basilico, olio di semi di girasole e pomodori essiccati di prima qualità. L’uso dei pomodori secchi danno un forte colore rosso, rendendo questo pesto ideale per condire la pasta, gnocchi o da spalmare su crostini di pane.","Olio extravergine di oliva*, polpa di pomodoro*, pomodori secchi* 9%, basilico italiano* 6%, noci di cajou*, formaggio* (latte*, sale, caglio), aglio*, sale, antiossidante: acido ascorbico. * biologico. Il prodotto non contiene OGM.",Contiene: frutta a guscio e latte. Senza Glutine.,"Energia: 1765 kJ / 428 kcal
Grassi: 42 gr di cui acidi grassi saturi 6,5 gr
Carboidrati: 8,6 gr di cui zuccheri 5,2 gr
Proteine: 2,9 gr
Sale: 1,6 gr",Da consumare entro 24 mesi. Shelf life garantita: 3/4 (18 mesi).,,"Tal quale, pronto all’uso.",Vaso vetro + capsula in banda stagnata.,180 gr,senza glutine | bio/biologico | non contiene OGM,"Consistenza: cremosa
Colore: rosso scuro
Odore: tipico del basilico e dei pomodori secchi
Sapore: tipico del basilico e dei pomodori secchi",true,363,false,true,2024-11-12T05:37:11,2026-08-24
3030,df855bc4-6678-4c9d-8997-d92f71cdf7d6,pesto-vegano,Pesto vegano al tofu senza glutine e senza lattosio 180 gr,EUR,4.44,,false,Pesto,https://ugolinigourmet.it/prodotto/pesto-vegano/,https://ugolinigourmet.it/wp-content/uploads/2023/01/8855-pesto-vegano-ugolini-gourmet-6.jpg | https://ugolinigourmet.it/wp-content/uploads/2023/01/8855-pesto-vegano-ugolini-gourmet-2.jpg | https://ugolinigourmet.it/wp-content/uploads/2023/01/8855-pesto-vegano-ugolini-gourmet-3.jpg | https://ugolinigourmet.it/wp-content/uploads/2023/01/8855-pesto-vegano-ugolini-gourmet-4.jpg | https://ugolinigourmet.it/wp-content/uploads/2023/01/8855-pesto-vegano-ugolini-gourmet-5.jpg | https://ugolinigourmet.it/wp-content/uploads/2023/01/8855-pesto-vegano-ugolini-gourmet-7.jpg | https://ugolinigourmet.it/wp-content/uploads/2023/01/8855-pesto-vegano-ugolini-gourmet-1.jpg | https://ugolinigourmet.it/wp-content/uploads/2023/01/8855-pesto-vegano-ugolini-gourmet-8-scaled.jpg,"Questo pesto vegano al tofu è un’ottima alternativa al pesto tradizionale genovese al basilico. Più leggero e risultato più sano senza compromettere il gusto. Senza glutine e senza lattosio, questa salsa è l’ideale non solo per vegani ma anche per persone intolleranti al lattosio. Anima Veg ha sostituito il formaggio con il tofu per ottenere un puro risultato vegano senza rinunciare al gusto e cremosità. Altamente raccomandato per entrambi, vegani e non!","Questo pesto vegano al tofu è un’ottima alternativa al pesto tradizionale genovese al basilico. Più leggero e risultato più sano senza compromettere il gusto. Senza glutine e senza lattosio, questa salsa è l’ideale non solo per vegani ma anche per persone intolleranti al lattosio. Anima Veg ha sostituito il formaggio con il tofu per ottenere un puro risultato vegano senza rinunciare al gusto e cremosità. Altamente raccomandato per entrambi, vegani e non!","Basilico italiano 31%, olio di semi di girasole, anacardi, olio extravergine di oliva, tofu 5% (acqua, soia), sale, pinoli, aglio, antiossidante: acido ascorbico, acidificante: acido citrico. Il prodotto non contiene OGM.","Anacardi, soia. Senza glutine.","Energia: 2099 kJ / 509 kcal
Grassi: 51 gr di cui acidi grassi saturi 6,7 gr
Carboidrati: 6,6 gr di cui zuccheri 1,3 gr
Proteine: 5,3 gr
Sale: 2,0 gr",Da consumare entro 24 mesi.,,"Tal quale, pronto all’uso.",Vaso vetro + capsula alluminio.,180 gr,senza glutine | senza lattosio | vegano | non contiene OGM,"Consistenza: cremosa
Colore: verde brillante
Odore: tipico del basilico e del tofu
Sapore: tipico del basilico e del tofu",true,234,false,true,2024-11-12T05:37:11,2026-08-24
3031,4a0c2071-b414-494c-8089-6454cbca7a6c,ragu-bolognese,Ragù alla Bolognese senza glutine 180 gr,EUR,3.87,,false,Sughi,https://ugolinigourmet.it/prodotto/ragu-bolognese/,https://ugolinigourmet.it/wp-content/uploads/2023/01/8824-ragu-alla-bolognese-ugolini-gourmet-5.jpg | https://ugolinigourmet.it/wp-content/uploads/2023/01/8824-ragu-alla-bolognese-ugolini-gourmet-3.jpg | https://ugolinigourmet.it/wp-content/uploads/2023/01/8824-ragu-alla-bolognese-ugolini-gourmet-4.jpg | https://ugolinigourmet.it/wp-content/uploads/2023/01/8824-ragu-alla-bolognese-ugolini-gourmet-6.jpg | https://ugolinigourmet.it/wp-content/uploads/2023/01/8824-ragu-alla-bolognese-ugolini-gourmet-7.jpg | https://ugolinigourmet.it/wp-content/uploads/2023/01/8824-ragu-alla-bolognese-ugolini-gourmet-8.jpg | https://ugolinigourmet.it/wp-content/uploads/2023/01/8824-ragu-alla-bolognese-ugolini-gourmet-9.jpg | https://ugolinigourmet.it/wp-content/uploads/2023/01/8824-ragu-alla-bolognese-ugolini-gourmet-1.jpg | https://ugolinigourmet.it/wp-content/uploads/2023/01/8824-ragu-alla-bolognese-ugolini-gourmet-2.jpg | https://ugolinigourmet.it/wp-content/uploads/2023/01/8824-ragu-alla-bolognese-ugolini-gourmet-10.jpg,"Il Ragù alla bolognese è un condimento tradizionale della cucina emiliana, preparato con polpa di pomodoro italiana e carne bovina. Ogni famiglia custodisce a ricetta passata di generazione in generazione e lo stesso è successo per la nostra ricetta del ragù alla bolognese. E, in questo modo, vogliamo arrivare sulla tavola degli italiani con un prodotto artigianale che è il risultato dell’utilizzo delle migliori materie prime. Ideale con tutti i tipi di pasta.","Il Ragù alla bolognese è un condimento tradizionale della cucina emiliana, preparato con polpa di pomodoro italiana e carne bovina. Ogni famiglia custodisce a ricetta passata di generazione in generazione e lo stesso è successo per la nostra ricetta del ragù alla bolognese. E, in questo modo, vogliamo arrivare sulla tavola degli italiani con un prodotto artigianale che è il risultato dell’utilizzo delle migliori materie prime. Ideale con tutti i tipi di pasta.","Polpa di pomodoro italiana (64%), carne bovina (13%), olio extravergine di oliva, concentrato di pomodoro, cipolla, sale, carote, aglio, spezie. Il prodotto non contiene OGM.",Può contenere tracce di frutta a guscio e latte. Senza Glutine.,"Energia: 555 kJ / 134 kcal
Grassi: 10 gr di cui acidi grassi saturi 2,1 gr
Carboidrati: 4,4 gr di cui zuccheri 3,8 gr
Proteine: 5,8 gr
Sale: 2,0 gr",Da consumare entro 24 mesi. Shelf life garantita: 3/4 (18 mesi).,,"Tal quale, pronto all’uso.",Vaso vetro + capsula in banda stagnata.,180 gr,senza glutine | non contiene OGM,"Consistenza: cremosa
Colore: rosso tendente all’arancione
Odore: tipico della polpa di pomodoro e della carne
Sapore: tipico della polpa di pomodoro e della carne",true,52,false,true,2024-11-12T05:37:12,2026-08-24
